{
    "type": "FeatureCollection",
    "features": [
        {
            "type": "Feature",
            "properties": {
                "created_at": "2021-08-29 11:42:07.811693"
            },
            "geometry": {
                "type": "Point",
                "coordinates": [
                    46.7127239,
                    24.85245928
                ]
            }
        },
        {
            "type": "Feature",
            "properties": {
                "created_at": "2021-08-29 11:37:30.564716"
            },
            "geometry": {
                "type": "Point",
                "coordinates": [
                    46.65360985,
                    24.7502098
                ]
            }
        },
        {
            "type": "Feature",
            "properties": {
                "created_at": "2021-08-29 11:46:32.671879"
            },
            "geometry": {
                "type": "Point",
                "coordinates": [
                    46.6895553,
                    24.9760332
                ]
            }
        },
        {
            "type": "Feature",
            "properties": {
                "created_at": "2021-08-29 11:59:44.813998"
            },
            "geometry": {
                "type": "Point",
                "coordinates": [
                    46.7041884,
                    24.6859882
                ]
            }
        },
        {
            "type": "Feature",
            "properties": {
                "created_at": "2021-08-29 11:33:13.474315"
            },
            "geometry": {
                "type": "Point",
                "coordinates": [
                    46.735463,
                    24.8514517
                ]
            }
        },
        {
            "type": "Feature",
            "properties": {
                "created_at": "2021-08-29 11:37:31.941985"
            },
            "geometry": {
                "type": "Point",
                "coordinates": [
                    46.74108624,
                    24.80938082
                ]
            }
        },
        {
            "type": "Feature",
            "properties": {
                "created_at": "2021-08-29 11:55:26.033848"
            },
            "geometry": {
                "type": "Point",
                "coordinates": [
                    46.68540493,
                    24.80917554
                ]
            }
        },
        {
            "type": "Feature",
            "properties": {
                "created_at": "2021-08-29 11:33:15.056291"
            },
            "geometry": {
                "type": "Point",
                "coordinates": [
                    46.6832054,
                    24.8154158
                ]
            }
        },
        {
            "type": "Feature",
            "properties": {
                "created_at": "2021-08-29 11:37:33.389052"
            },
            "geometry": {
                "type": "Point",
                "coordinates": [
                    46.57556545,
                    24.76606481
                ]
            }
        },
        {
            "type": "Feature",
            "properties": {
                "created_at": "2021-08-29 11:42:12.024429"
            },
            "geometry": {
                "type": "Point",
                "coordinates": [
                    46.76444342,
                    24.7206858
                ]
            }
        },
        {
            "type": "Feature",
            "properties": {
                "created_at": "2021-08-29 11:46:35.899777"
            },
            "geometry": {
                "type": "Point",
                "coordinates": [
                    46.6895553,
                    24.9760332
                ]
            }
        },
        {
            "type": "Feature",
            "properties": {
                "created_at": "2021-08-29 11:51:08.056994"
            },
            "geometry": {
                "type": "Point",
                "coordinates": [
                    46.62639951,
                    24.68634787
                ]
            }
        },
        {
            "type": "Feature",
            "properties": {
                "created_at": "2021-08-29 11:55:27.629119"
            },
            "geometry": {
                "type": "Point",
                "coordinates": [
                    46.63536765,
                    24.78322595
                ]
            }
        },
        {
            "type": "Feature",
            "properties": {
                "created_at": "2021-08-29 11:33:16.446078"
            },
            "geometry": {
                "type": "Point",
                "coordinates": [
                    46.61968745,
                    24.8217437
                ]
            }
        },
        {
            "type": "Feature",
            "properties": {
                "created_at": "2021-08-29 11:42:13.426487"
            },
            "geometry": {
                "type": "Point",
                "coordinates": [
                    46.6265244,
                    24.6830698
                ]
            }
        },
        {
            "type": "Feature",
            "properties": {
                "created_at": "2021-08-29 11:37:35.056192"
            },
            "geometry": {
                "type": "Point",
                "coordinates": [
                    46.6195453,
                    24.8214994
                ]
            }
        },
        {
            "type": "Feature",
            "properties": {
                "created_at": "2021-08-29 11:46:37.607081"
            },
            "geometry": {
                "type": "Point",
                "coordinates": [
                    46.63749715,
                    24.80370121
                ]
            }
        },
        {
            "type": "Feature",
            "properties": {
                "created_at": "2021-08-29 11:51:10.543239"
            },
            "geometry": {
                "type": "Point",
                "coordinates": [
                    46.6363342,
                    24.7412359
                ]
            }
        },
        {
            "type": "Feature",
            "properties": {
                "created_at": "2021-08-29 11:59:49.057203"
            },
            "geometry": {
                "type": "Point",
                "coordinates": [
                    46.575085,
                    24.76663116
                ]
            }
        },
        {
            "type": "Feature",
            "properties": {
                "created_at": "2021-08-29 11:33:17.957323"
            },
            "geometry": {
                "type": "Point",
                "coordinates": [
                    46.6367003,
                    24.7411492
                ]
            }
        },
        {
            "type": "Feature",
            "properties": {
                "created_at": "2021-08-29 11:37:37.625727"
            },
            "geometry": {
                "type": "Point",
                "coordinates": [
                    46.6894963,
                    24.77301783
                ]
            }
        },
        {
            "type": "Feature",
            "properties": {
                "created_at": "2021-09-18 04:49:07.370436"
            },
            "geometry": {
                "type": "Point",
                "coordinates": [
                    46.810597091079,
                    24.687464822695
                ]
            }
        },
        {
            "type": "Feature",
            "properties": {
                "created_at": "2021-08-29 11:42:14.853118"
            },
            "geometry": {
                "type": "Point",
                "coordinates": [
                    46.73546098,
                    24.85129865
                ]
            }
        },
        {
            "type": "Feature",
            "properties": {
                "created_at": "2021-08-29 11:46:39.110314"
            },
            "geometry": {
                "type": "Point",
                "coordinates": [
                    46.6895553,
                    24.9760332
                ]
            }
        },
        {
            "type": "Feature",
            "properties": {
                "created_at": "2021-08-29 11:51:12.031936"
            },
            "geometry": {
                "type": "Point",
                "coordinates": [
                    46.6254933,
                    24.7524434
                ]
            }
        },
        {
            "type": "Feature",
            "properties": {
                "created_at": "2021-08-29 11:55:30.524007"
            },
            "geometry": {
                "type": "Point",
                "coordinates": [
                    46.71803266,
                    24.8072512
                ]
            }
        },
        {
            "type": "Feature",
            "properties": {
                "created_at": "2021-08-29 11:59:51.792544"
            },
            "geometry": {
                "type": "Point",
                "coordinates": [
                    46.64001777,
                    24.73868318
                ]
            }
        },
        {
            "type": "Feature",
            "properties": {
                "created_at": "2021-08-29 11:37:39.03607"
            },
            "geometry": {
                "type": "Point",
                "coordinates": [
                    46.59036387,
                    24.72936068
                ]
            }
        },
        {
            "type": "Feature",
            "properties": {
                "created_at": "2021-08-29 11:46:41.65783"
            },
            "geometry": {
                "type": "Point",
                "coordinates": [
                    46.6895553,
                    24.9760332
                ]
            }
        },
        {
            "type": "Feature",
            "properties": {
                "created_at": "2021-08-29 11:51:13.606899"
            },
            "geometry": {
                "type": "Point",
                "coordinates": [
                    46.60035308,
                    24.78143639
                ]
            }
        },
        {
            "type": "Feature",
            "properties": {
                "created_at": "2021-08-29 11:55:31.918536"
            },
            "geometry": {
                "type": "Point",
                "coordinates": [
                    46.653624,
                    24.750141
                ]
            }
        },
        {
            "type": "Feature",
            "properties": {
                "created_at": "2021-08-29 11:33:21.801176"
            },
            "geometry": {
                "type": "Point",
                "coordinates": [
                    46.64696887,
                    24.73887444
                ]
            }
        },
        {
            "type": "Feature",
            "properties": {
                "created_at": "2021-08-29 11:42:17.869777"
            },
            "geometry": {
                "type": "Point",
                "coordinates": [
                    46.6223819,
                    24.68195942
                ]
            }
        },
        {
            "type": "Feature",
            "properties": {
                "created_at": "2021-08-29 11:46:43.260305"
            },
            "geometry": {
                "type": "Point",
                "coordinates": [
                    46.6895553,
                    24.9760332
                ]
            }
        },
        {
            "type": "Feature",
            "properties": {
                "created_at": "2021-08-29 11:51:15.121229"
            },
            "geometry": {
                "type": "Point",
                "coordinates": [
                    46.704855,
                    24.6767358
                ]
            }
        },
        {
            "type": "Feature",
            "properties": {
                "created_at": "2021-08-29 11:55:34.409922"
            },
            "geometry": {
                "type": "Point",
                "coordinates": [
                    46.71093571,
                    24.68343433
                ]
            }
        },
        {
            "type": "Feature",
            "properties": {
                "created_at": "2021-08-29 11:33:23.303412"
            },
            "geometry": {
                "type": "Point",
                "coordinates": [
                    46.7738158,
                    24.7949023
                ]
            }
        },
        {
            "type": "Feature",
            "properties": {
                "created_at": "2021-08-29 11:37:42.160839"
            },
            "geometry": {
                "type": "Point",
                "coordinates": [
                    46.65440144,
                    24.83479137
                ]
            }
        },
        {
            "type": "Feature",
            "properties": {
                "created_at": "2021-08-29 11:42:20.345921"
            },
            "geometry": {
                "type": "Point",
                "coordinates": [
                    46.78769264,
                    24.68877501
                ]
            }
        },
        {
            "type": "Feature",
            "properties": {
                "created_at": "2021-08-29 11:46:44.975524"
            },
            "geometry": {
                "type": "Point",
                "coordinates": [
                    46.7360048,
                    24.85053183
                ]
            }
        },
        {
            "type": "Feature",
            "properties": {
                "created_at": "2021-08-29 11:55:35.906955"
            },
            "geometry": {
                "type": "Point",
                "coordinates": [
                    46.6592264,
                    24.75361794
                ]
            }
        },
        {
            "type": "Feature",
            "properties": {
                "created_at": "2021-08-29 11:59:56.098302"
            },
            "geometry": {
                "type": "Point",
                "coordinates": [
                    46.70908481,
                    24.66105804
                ]
            }
        },
        {
            "type": "Feature",
            "properties": {
                "created_at": "2021-08-29 11:33:24.712223"
            },
            "geometry": {
                "type": "Point",
                "coordinates": [
                    46.6360667,
                    24.7436771
                ]
            }
        },
        {
            "type": "Feature",
            "properties": {
                "created_at": "2021-08-29 11:37:43.622239"
            },
            "geometry": {
                "type": "Point",
                "coordinates": [
                    46.68685935,
                    24.66566678
                ]
            }
        },
        {
            "type": "Feature",
            "properties": {
                "created_at": "2021-08-29 11:42:21.832661"
            },
            "geometry": {
                "type": "Point",
                "coordinates": [
                    46.8196848,
                    24.7868185
                ]
            }
        },
        {
            "type": "Feature",
            "properties": {
                "created_at": "2021-08-29 11:51:18.970527"
            },
            "geometry": {
                "type": "Point",
                "coordinates": [
                    46.70976877,
                    24.66075515
                ]
            }
        },
        {
            "type": "Feature",
            "properties": {
                "created_at": "2021-08-29 11:59:57.513531"
            },
            "geometry": {
                "type": "Point",
                "coordinates": [
                    46.62348244,
                    24.67893997
                ]
            }
        },
        {
            "type": "Feature",
            "properties": {
                "created_at": "2021-08-29 11:33:26.195362"
            },
            "geometry": {
                "type": "Point",
                "coordinates": [
                    46.65343702,
                    24.75768132
                ]
            }
        },
        {
            "type": "Feature",
            "properties": {
                "created_at": "2021-08-29 11:37:46.27652"
            },
            "geometry": {
                "type": "Point",
                "coordinates": [
                    46.6367003,
                    24.7411492
                ]
            }
        },
        {
            "type": "Feature",
            "properties": {
                "created_at": "2021-08-29 11:42:23.349689"
            },
            "geometry": {
                "type": "Point",
                "coordinates": [
                    46.644143,
                    24.782087
                ]
            }
        },
        {
            "type": "Feature",
            "properties": {
                "created_at": "2021-08-29 11:46:48.107912"
            },
            "geometry": {
                "type": "Point",
                "coordinates": [
                    46.6923599,
                    24.9733257
                ]
            }
        },
        {
            "type": "Feature",
            "properties": {
                "created_at": "2021-08-29 11:51:20.415617"
            },
            "geometry": {
                "type": "Point",
                "coordinates": [
                    46.70976877,
                    24.66075515
                ]
            }
        },
        {
            "type": "Feature",
            "properties": {
                "created_at": "2021-08-29 11:55:38.955531"
            },
            "geometry": {
                "type": "Point",
                "coordinates": [
                    46.64171442,
                    24.75975767
                ]
            }
        },
        {
            "type": "Feature",
            "properties": {
                "created_at": "2021-08-29 11:33:27.653992"
            },
            "geometry": {
                "type": "Point",
                "coordinates": [
                    46.63508367,
                    24.73913193
                ]
            }
        },
        {
            "type": "Feature",
            "properties": {
                "created_at": "2021-08-29 11:37:47.743693"
            },
            "geometry": {
                "type": "Point",
                "coordinates": [
                    46.575085,
                    24.7669458
                ]
            }
        },
        {
            "type": "Feature",
            "properties": {
                "created_at": "2021-08-29 11:53:33.50261"
            },
            "geometry": {
                "type": "Point",
                "coordinates": [
                    46.6367003,
                    24.7411492
                ]
            }
        },
        {
            "type": "Feature",
            "properties": {
                "created_at": "2021-08-29 11:49:03.302241"
            },
            "geometry": {
                "type": "Point",
                "coordinates": [
                    46.5995607,
                    24.7402754
                ]
            }
        },
        {
            "type": "Feature",
            "properties": {
                "created_at": "2021-08-29 11:57:54.260755"
            },
            "geometry": {
                "type": "Point",
                "coordinates": [
                    46.70088764,
                    24.68943377
                ]
            }
        },
        {
            "type": "Feature",
            "properties": {
                "created_at": "2021-08-29 11:35:42.16321"
            },
            "geometry": {
                "type": "Point",
                "coordinates": [
                    46.63339505,
                    24.79055865
                ]
            }
        },
        {
            "type": "Feature",
            "properties": {
                "created_at": "2021-08-29 11:39:59.298718"
            },
            "geometry": {
                "type": "Point",
                "coordinates": [
                    46.67782165,
                    24.66993641
                ]
            }
        },
        {
            "type": "Feature",
            "properties": {
                "created_at": "2021-08-29 11:44:40.239887"
            },
            "geometry": {
                "type": "Point",
                "coordinates": [
                    46.64413914,
                    24.83672608
                ]
            }
        },
        {
            "type": "Feature",
            "properties": {
                "created_at": "2021-08-29 11:49:04.714156"
            },
            "geometry": {
                "type": "Point",
                "coordinates": [
                    46.70389742,
                    24.77875352
                ]
            }
        },
        {
            "type": "Feature",
            "properties": {
                "created_at": "2021-08-29 11:53:35.911159"
            },
            "geometry": {
                "type": "Point",
                "coordinates": [
                    46.6419876,
                    24.7596665
                ]
            }
        },
        {
            "type": "Feature",
            "properties": {
                "created_at": "2021-08-29 11:57:55.758854"
            },
            "geometry": {
                "type": "Point",
                "coordinates": [
                    46.7031521,
                    24.79489955
                ]
            }
        },
        {
            "type": "Feature",
            "properties": {
                "created_at": "2021-08-29 11:35:43.563628"
            },
            "geometry": {
                "type": "Point",
                "coordinates": [
                    46.63085215,
                    24.71144113
                ]
            }
        },
        {
            "type": "Feature",
            "properties": {
                "created_at": "2021-08-29 11:40:01.98422"
            },
            "geometry": {
                "type": "Point",
                "coordinates": [
                    46.63882233,
                    24.74106629
                ]
            }
        },
        {
            "type": "Feature",
            "properties": {
                "created_at": "2021-08-29 11:44:41.677476"
            },
            "geometry": {
                "type": "Point",
                "coordinates": [
                    46.64691003,
                    24.78825403
                ]
            }
        },
        {
            "type": "Feature",
            "properties": {
                "created_at": "2021-08-29 11:53:37.319408"
            },
            "geometry": {
                "type": "Point",
                "coordinates": [
                    46.7094778,
                    24.7471924
                ]
            }
        },
        {
            "type": "Feature",
            "properties": {
                "created_at": "2021-08-29 11:49:06.123291"
            },
            "geometry": {
                "type": "Point",
                "coordinates": [
                    46.73042983,
                    24.77073533
                ]
            }
        },
        {
            "type": "Feature",
            "properties": {
                "created_at": "2021-08-29 11:57:57.228353"
            },
            "geometry": {
                "type": "Point",
                "coordinates": [
                    46.62830036,
                    24.8009632
                ]
            }
        },
        {
            "type": "Feature",
            "properties": {
                "created_at": "2021-08-29 11:31:24.25157"
            },
            "geometry": {
                "type": "Point",
                "coordinates": [
                    46.58873644,
                    24.78442945
                ]
            }
        },
        {
            "type": "Feature",
            "properties": {
                "created_at": "2021-08-29 11:40:03.402129"
            },
            "geometry": {
                "type": "Point",
                "coordinates": [
                    46.71212342,
                    24.85392821
                ]
            }
        },
        {
            "type": "Feature",
            "properties": {
                "created_at": "2021-08-29 11:53:38.823258"
            },
            "geometry": {
                "type": "Point",
                "coordinates": [
                    46.6824692,
                    24.7767146
                ]
            }
        },
        {
            "type": "Feature",
            "properties": {
                "created_at": "2021-08-29 11:49:08.516419"
            },
            "geometry": {
                "type": "Point",
                "coordinates": [
                    46.6926489,
                    24.75301553
                ]
            }
        },
        {
            "type": "Feature",
            "properties": {
                "created_at": "2021-08-29 11:57:58.723611"
            },
            "geometry": {
                "type": "Point",
                "coordinates": [
                    46.64352089,
                    24.81597728
                ]
            }
        },
        {
            "type": "Feature",
            "properties": {
                "created_at": "2021-08-29 11:44:44.704159"
            },
            "geometry": {
                "type": "Point",
                "coordinates": [
                    46.73042983,
                    24.77073533
                ]
            }
        },
        {
            "type": "Feature",
            "properties": {
                "created_at": "2021-08-29 11:49:09.964701"
            },
            "geometry": {
                "type": "Point",
                "coordinates": [
                    46.64429974,
                    24.72668696
                ]
            }
        },
        {
            "type": "Feature",
            "properties": {
                "created_at": "2021-08-29 11:53:40.215126"
            },
            "geometry": {
                "type": "Point",
                "coordinates": [
                    46.6895553,
                    24.9760332
                ]
            }
        },
        {
            "type": "Feature",
            "properties": {
                "created_at": "2021-08-29 11:31:27.219543"
            },
            "geometry": {
                "type": "Point",
                "coordinates": [
                    46.7738158,
                    24.7949023
                ]
            }
        },
        {
            "type": "Feature",
            "properties": {
                "created_at": "2021-08-29 11:35:48.858516"
            },
            "geometry": {
                "type": "Point",
                "coordinates": [
                    46.6383169,
                    24.74082782
                ]
            }
        },
        {
            "type": "Feature",
            "properties": {
                "created_at": "2021-08-29 11:44:47.123328"
            },
            "geometry": {
                "type": "Point",
                "coordinates": [
                    46.64641399,
                    24.71811003
                ]
            }
        },
        {
            "type": "Feature",
            "properties": {
                "created_at": "2021-08-29 11:49:11.336123"
            },
            "geometry": {
                "type": "Point",
                "coordinates": [
                    46.63536765,
                    24.78322595
                ]
            }
        },
        {
            "type": "Feature",
            "properties": {
                "created_at": "2021-08-29 11:31:29.62023"
            },
            "geometry": {
                "type": "Point",
                "coordinates": [
                    46.749475,
                    24.7756718
                ]
            }
        },
        {
            "type": "Feature",
            "properties": {
                "created_at": "2021-08-29 11:40:08.880692"
            },
            "geometry": {
                "type": "Point",
                "coordinates": [
                    46.63093278,
                    24.77886988
                ]
            }
        },
        {
            "type": "Feature",
            "properties": {
                "created_at": "2021-08-29 11:35:50.321301"
            },
            "geometry": {
                "type": "Point",
                "coordinates": [
                    46.86091159,
                    24.75295649
                ]
            }
        },
        {
            "type": "Feature",
            "properties": {
                "created_at": "2021-08-29 11:44:48.574145"
            },
            "geometry": {
                "type": "Point",
                "coordinates": [
                    46.72868,
                    24.788135
                ]
            }
        },
        {
            "type": "Feature",
            "properties": {
                "created_at": "2021-08-29 11:49:12.833349"
            },
            "geometry": {
                "type": "Point",
                "coordinates": [
                    46.63148431,
                    24.78363476
                ]
            }
        },
        {
            "type": "Feature",
            "properties": {
                "created_at": "2021-08-29 11:53:44.563138"
            },
            "geometry": {
                "type": "Point",
                "coordinates": [
                    46.7696863,
                    24.78043155
                ]
            }
        },
        {
            "type": "Feature",
            "properties": {
                "created_at": "2021-08-29 11:58:03.952775"
            },
            "geometry": {
                "type": "Point",
                "coordinates": [
                    46.63771022,
                    24.74263053
                ]
            }
        },
        {
            "type": "Feature",
            "properties": {
                "created_at": "2021-08-29 11:31:30.999448"
            },
            "geometry": {
                "type": "Point",
                "coordinates": [
                    46.62686219,
                    24.6832506
                ]
            }
        },
        {
            "type": "Feature",
            "properties": {
                "created_at": "2021-08-29 11:35:52.057049"
            },
            "geometry": {
                "type": "Point",
                "coordinates": [
                    46.63094804,
                    24.7116126
                ]
            }
        },
        {
            "type": "Feature",
            "properties": {
                "created_at": "2021-08-29 11:49:14.3087"
            },
            "geometry": {
                "type": "Point",
                "coordinates": [
                    46.6367003,
                    24.7411492
                ]
            }
        },
        {
            "type": "Feature",
            "properties": {
                "created_at": "2021-08-29 11:53:45.958901"
            },
            "geometry": {
                "type": "Point",
                "coordinates": [
                    46.65349334,
                    24.75517025
                ]
            }
        },
        {
            "type": "Feature",
            "properties": {
                "created_at": "2021-08-29 11:58:05.365146"
            },
            "geometry": {
                "type": "Point",
                "coordinates": [
                    46.62472984,
                    24.67870222
                ]
            }
        },
        {
            "type": "Feature",
            "properties": {
                "created_at": "2021-08-29 11:31:32.415174"
            },
            "geometry": {
                "type": "Point",
                "coordinates": [
                    46.644143,
                    24.782087
                ]
            }
        },
        {
            "type": "Feature",
            "properties": {
                "created_at": "2021-08-29 11:35:53.473744"
            },
            "geometry": {
                "type": "Point",
                "coordinates": [
                    46.7361875,
                    24.8530625
                ]
            }
        },
        {
            "type": "Feature",
            "properties": {
                "created_at": "2021-08-29 11:44:51.903534"
            },
            "geometry": {
                "type": "Point",
                "coordinates": [
                    46.73243025,
                    24.69338716
                ]
            }
        },
        {
            "type": "Feature",
            "properties": {
                "created_at": "2021-08-29 11:58:06.823727"
            },
            "geometry": {
                "type": "Point",
                "coordinates": [
                    46.6957236,
                    24.7808275
                ]
            }
        },
        {
            "type": "Feature",
            "properties": {
                "created_at": "2021-08-29 11:40:23.626848"
            },
            "geometry": {
                "type": "Point",
                "coordinates": [
                    46.644143,
                    24.782087
                ]
            }
        },
        {
            "type": "Feature",
            "properties": {
                "created_at": "2021-08-29 11:53:48.933011"
            },
            "geometry": {
                "type": "Point",
                "coordinates": [
                    46.6358313,
                    24.7408276
                ]
            }
        },
        {
            "type": "Feature",
            "properties": {
                "created_at": "2021-08-29 11:49:18.850533"
            },
            "geometry": {
                "type": "Point",
                "coordinates": [
                    46.75445203,
                    24.72262752
                ]
            }
        },
        {
            "type": "Feature",
            "properties": {
                "created_at": "2021-08-29 11:58:09.30588"
            },
            "geometry": {
                "type": "Point",
                "coordinates": [
                    46.69888621,
                    24.73240067
                ]
            }
        },
        {
            "type": "Feature",
            "properties": {
                "created_at": "2021-08-29 11:31:35.334113"
            },
            "geometry": {
                "type": "Point",
                "coordinates": [
                    46.69715082,
                    24.66536836
                ]
            }
        },
        {
            "type": "Feature",
            "properties": {
                "created_at": "2021-08-29 11:35:57.530683"
            },
            "geometry": {
                "type": "Point",
                "coordinates": [
                    46.66341148,
                    24.72842489
                ]
            }
        },
        {
            "type": "Feature",
            "properties": {
                "created_at": "2021-08-29 11:40:25.767076"
            },
            "geometry": {
                "type": "Point",
                "coordinates": [
                    46.71815151,
                    24.65478493
                ]
            }
        },
        {
            "type": "Feature",
            "properties": {
                "created_at": "2021-08-29 11:44:56.030659"
            },
            "geometry": {
                "type": "Point",
                "coordinates": [
                    46.6401455,
                    24.7374483
                ]
            }
        },
        {
            "type": "Feature",
            "properties": {
                "created_at": "2021-08-29 11:53:50.380275"
            },
            "geometry": {
                "type": "Point",
                "coordinates": [
                    46.5995451,
                    24.7401517
                ]
            }
        },
        {
            "type": "Feature",
            "properties": {
                "created_at": "2021-08-29 11:49:20.229184"
            },
            "geometry": {
                "type": "Point",
                "coordinates": [
                    46.5641074,
                    24.7773185
                ]
            }
        },
        {
            "type": "Feature",
            "properties": {
                "created_at": "2021-08-29 11:58:10.730072"
            },
            "geometry": {
                "type": "Point",
                "coordinates": [
                    46.71910102,
                    24.6522799
                ]
            }
        },
        {
            "type": "Feature",
            "properties": {
                "created_at": "2021-08-29 11:40:28.700066"
            },
            "geometry": {
                "type": "Point",
                "coordinates": [
                    46.64244331,
                    24.76022747
                ]
            }
        },
        {
            "type": "Feature",
            "properties": {
                "created_at": "2021-08-29 11:44:57.483951"
            },
            "geometry": {
                "type": "Point",
                "coordinates": [
                    46.60241604,
                    24.80225526
                ]
            }
        },
        {
            "type": "Feature",
            "properties": {
                "created_at": "2021-08-29 11:53:52.880658"
            },
            "geometry": {
                "type": "Point",
                "coordinates": [
                    46.71694636,
                    24.69252935
                ]
            }
        },
        {
            "type": "Feature",
            "properties": {
                "created_at": "2021-08-29 11:31:39.602035"
            },
            "geometry": {
                "type": "Point",
                "coordinates": [
                    46.68536536,
                    24.71855175
                ]
            }
        },
        {
            "type": "Feature",
            "properties": {
                "created_at": "2021-08-29 11:36:00.510038"
            },
            "geometry": {
                "type": "Point",
                "coordinates": [
                    46.59036387,
                    24.72936068
                ]
            }
        },
        {
            "type": "Feature",
            "properties": {
                "created_at": "2021-08-29 11:40:34.086647"
            },
            "geometry": {
                "type": "Point",
                "coordinates": [
                    46.63714059,
                    24.73808018
                ]
            }
        },
        {
            "type": "Feature",
            "properties": {
                "created_at": "2021-08-29 11:44:58.998191"
            },
            "geometry": {
                "type": "Point",
                "coordinates": [
                    46.61968745,
                    24.8217437
                ]
            }
        },
        {
            "type": "Feature",
            "properties": {
                "created_at": "2021-08-29 11:53:54.34691"
            },
            "geometry": {
                "type": "Point",
                "coordinates": [
                    46.63803745,
                    24.74181607
                ]
            }
        },
        {
            "type": "Feature",
            "properties": {
                "created_at": "2021-08-29 11:49:23.21322"
            },
            "geometry": {
                "type": "Point",
                "coordinates": [
                    46.8567422,
                    24.7497733
                ]
            }
        },
        {
            "type": "Feature",
            "properties": {
                "created_at": "2021-08-29 11:31:41.000666"
            },
            "geometry": {
                "type": "Point",
                "coordinates": [
                    46.63097888,
                    24.80158218
                ]
            }
        },
        {
            "type": "Feature",
            "properties": {
                "created_at": "2021-08-29 11:36:02.258649"
            },
            "geometry": {
                "type": "Point",
                "coordinates": [
                    46.68670597,
                    24.68713123
                ]
            }
        },
        {
            "type": "Feature",
            "properties": {
                "created_at": "2021-08-29 11:45:00.460627"
            },
            "geometry": {
                "type": "Point",
                "coordinates": [
                    46.71635292,
                    24.69067451
                ]
            }
        },
        {
            "type": "Feature",
            "properties": {
                "created_at": "2021-08-29 11:40:36.409201"
            },
            "geometry": {
                "type": "Point",
                "coordinates": [
                    46.65131774,
                    24.83262833
                ]
            }
        },
        {
            "type": "Feature",
            "properties": {
                "created_at": "2021-08-29 11:49:25.917191"
            },
            "geometry": {
                "type": "Point",
                "coordinates": [
                    46.6895553,
                    24.9760332
                ]
            }
        },
        {
            "type": "Feature",
            "properties": {
                "created_at": "2021-08-29 11:53:55.757496"
            },
            "geometry": {
                "type": "Point",
                "coordinates": [
                    46.6972095,
                    24.76452952
                ]
            }
        },
        {
            "type": "Feature",
            "properties": {
                "created_at": "2021-08-29 11:58:15.009973"
            },
            "geometry": {
                "type": "Point",
                "coordinates": [
                    46.65360985,
                    24.7502098
                ]
            }
        },
        {
            "type": "Feature",
            "properties": {
                "created_at": "2021-08-29 11:36:04.914166"
            },
            "geometry": {
                "type": "Point",
                "coordinates": [
                    46.61548913,
                    24.80577015
                ]
            }
        },
        {
            "type": "Feature",
            "properties": {
                "created_at": "2021-08-29 11:45:01.903679"
            },
            "geometry": {
                "type": "Point",
                "coordinates": [
                    46.6350492,
                    24.7417736
                ]
            }
        },
        {
            "type": "Feature",
            "properties": {
                "created_at": "2021-08-29 11:49:27.504849"
            },
            "geometry": {
                "type": "Point",
                "coordinates": [
                    46.6895553,
                    24.9760332
                ]
            }
        },
        {
            "type": "Feature",
            "properties": {
                "created_at": "2021-08-29 11:53:57.150179"
            },
            "geometry": {
                "type": "Point",
                "coordinates": [
                    46.59935564,
                    24.74040555
                ]
            }
        },
        {
            "type": "Feature",
            "properties": {
                "created_at": "2021-08-29 11:58:17.52042"
            },
            "geometry": {
                "type": "Point",
                "coordinates": [
                    46.70183647,
                    24.74083718
                ]
            }
        },
        {
            "type": "Feature",
            "properties": {
                "created_at": "2021-08-29 11:31:43.771761"
            },
            "geometry": {
                "type": "Point",
                "coordinates": [
                    46.6122492,
                    24.8065396
                ]
            }
        },
        {
            "type": "Feature",
            "properties": {
                "created_at": "2021-08-29 11:45:04.359827"
            },
            "geometry": {
                "type": "Point",
                "coordinates": [
                    46.69888571,
                    24.76410275
                ]
            }
        },
        {
            "type": "Feature",
            "properties": {
                "created_at": "2021-08-29 11:49:29.059635"
            },
            "geometry": {
                "type": "Point",
                "coordinates": [
                    46.6917956,
                    24.6374132
                ]
            }
        },
        {
            "type": "Feature",
            "properties": {
                "created_at": "2021-08-29 11:58:19.052079"
            },
            "geometry": {
                "type": "Point",
                "coordinates": [
                    46.63536765,
                    24.78322595
                ]
            }
        },
        {
            "type": "Feature",
            "properties": {
                "created_at": "2021-08-29 11:31:46.3287"
            },
            "geometry": {
                "type": "Point",
                "coordinates": [
                    46.68536536,
                    24.71855175
                ]
            }
        },
        {
            "type": "Feature",
            "properties": {
                "created_at": "2021-08-29 11:40:44.169358"
            },
            "geometry": {
                "type": "Point",
                "coordinates": [
                    46.6421932,
                    24.7597248
                ]
            }
        },
        {
            "type": "Feature",
            "properties": {
                "created_at": "2021-08-29 11:45:05.765661"
            },
            "geometry": {
                "type": "Point",
                "coordinates": [
                    46.7006598,
                    24.9635827
                ]
            }
        },
        {
            "type": "Feature",
            "properties": {
                "created_at": "2021-08-29 11:49:30.533726"
            },
            "geometry": {
                "type": "Point",
                "coordinates": [
                    46.6895553,
                    24.9760332
                ]
            }
        },
        {
            "type": "Feature",
            "properties": {
                "created_at": "2021-08-29 11:54:00.981447"
            },
            "geometry": {
                "type": "Point",
                "coordinates": [
                    46.67323977,
                    24.78709646
                ]
            }
        },
        {
            "type": "Feature",
            "properties": {
                "created_at": "2021-08-29 11:58:20.462498"
            },
            "geometry": {
                "type": "Point",
                "coordinates": [
                    46.6363578,
                    24.7411048
                ]
            }
        },
        {
            "type": "Feature",
            "properties": {
                "created_at": "2021-08-29 11:31:47.745844"
            },
            "geometry": {
                "type": "Point",
                "coordinates": [
                    46.61968745,
                    24.8217437
                ]
            }
        },
        {
            "type": "Feature",
            "properties": {
                "created_at": "2021-08-29 11:36:09.48749"
            },
            "geometry": {
                "type": "Point",
                "coordinates": [
                    46.5998572,
                    24.74041706
                ]
            }
        },
        {
            "type": "Feature",
            "properties": {
                "created_at": "2021-08-29 11:40:47.403196"
            },
            "geometry": {
                "type": "Point",
                "coordinates": [
                    46.76552167,
                    24.69605309
                ]
            }
        },
        {
            "type": "Feature",
            "properties": {
                "created_at": "2021-08-29 11:54:02.534328"
            },
            "geometry": {
                "type": "Point",
                "coordinates": [
                    46.73433781,
                    24.96079079
                ]
            }
        },
        {
            "type": "Feature",
            "properties": {
                "created_at": "2021-08-29 11:49:32.242828"
            },
            "geometry": {
                "type": "Point",
                "coordinates": [
                    46.70109367,
                    24.6248151
                ]
            }
        },
        {
            "type": "Feature",
            "properties": {
                "created_at": "2021-08-29 11:31:49.244718"
            },
            "geometry": {
                "type": "Point",
                "coordinates": [
                    46.643329,
                    24.716945
                ]
            }
        },
        {
            "type": "Feature",
            "properties": {
                "created_at": "2021-08-29 11:36:10.881975"
            },
            "geometry": {
                "type": "Point",
                "coordinates": [
                    46.64838382,
                    24.72012195
                ]
            }
        },
        {
            "type": "Feature",
            "properties": {
                "created_at": "2021-08-29 11:40:48.80171"
            },
            "geometry": {
                "type": "Point",
                "coordinates": [
                    46.61721278,
                    24.80849757
                ]
            }
        },
        {
            "type": "Feature",
            "properties": {
                "created_at": "2021-08-29 11:54:04.270817"
            },
            "geometry": {
                "type": "Point",
                "coordinates": [
                    46.68703115,
                    24.66406625
                ]
            }
        },
        {
            "type": "Feature",
            "properties": {
                "created_at": "2021-08-29 11:49:34.632866"
            },
            "geometry": {
                "type": "Point",
                "coordinates": [
                    46.6895553,
                    24.9760332
                ]
            }
        },
        {
            "type": "Feature",
            "properties": {
                "created_at": "2021-08-29 11:36:13.288303"
            },
            "geometry": {
                "type": "Point",
                "coordinates": [
                    46.7079152,
                    24.68160187
                ]
            }
        },
        {
            "type": "Feature",
            "properties": {
                "created_at": "2021-08-29 11:45:10.3885"
            },
            "geometry": {
                "type": "Point",
                "coordinates": [
                    46.6823589,
                    24.697478
                ]
            }
        },
        {
            "type": "Feature",
            "properties": {
                "created_at": "2021-08-29 11:40:50.423935"
            },
            "geometry": {
                "type": "Point",
                "coordinates": [
                    46.718175,
                    24.774889
                ]
            }
        },
        {
            "type": "Feature",
            "properties": {
                "created_at": "2021-08-29 11:54:05.912522"
            },
            "geometry": {
                "type": "Point",
                "coordinates": [
                    46.67363975,
                    24.6719507
                ]
            }
        },
        {
            "type": "Feature",
            "properties": {
                "created_at": "2021-08-29 11:58:25.813303"
            },
            "geometry": {
                "type": "Point",
                "coordinates": [
                    46.6977041,
                    24.7796439
                ]
            }
        },
        {
            "type": "Feature",
            "properties": {
                "created_at": "2021-08-29 11:31:52.03443"
            },
            "geometry": {
                "type": "Point",
                "coordinates": [
                    46.63324032,
                    24.74120319
                ]
            }
        },
        {
            "type": "Feature",
            "properties": {
                "created_at": "2021-08-29 11:36:14.659491"
            },
            "geometry": {
                "type": "Point",
                "coordinates": [
                    46.71026314,
                    24.7004786
                ]
            }
        },
        {
            "type": "Feature",
            "properties": {
                "created_at": "2021-08-29 11:40:51.794392"
            },
            "geometry": {
                "type": "Point",
                "coordinates": [
                    46.57501509,
                    24.76672082
                ]
            }
        },
        {
            "type": "Feature",
            "properties": {
                "created_at": "2021-08-29 11:45:13.391269"
            },
            "geometry": {
                "type": "Point",
                "coordinates": [
                    46.63475037,
                    24.74273401
                ]
            }
        },
        {
            "type": "Feature",
            "properties": {
                "created_at": "2021-08-29 11:54:07.514776"
            },
            "geometry": {
                "type": "Point",
                "coordinates": [
                    46.62348244,
                    24.67893997
                ]
            }
        },
        {
            "type": "Feature",
            "properties": {
                "created_at": "2021-08-29 11:58:27.272011"
            },
            "geometry": {
                "type": "Point",
                "coordinates": [
                    46.6977041,
                    24.7796439
                ]
            }
        },
        {
            "type": "Feature",
            "properties": {
                "created_at": "2021-08-29 11:31:54.446324"
            },
            "geometry": {
                "type": "Point",
                "coordinates": [
                    46.6195453,
                    24.8214994
                ]
            }
        },
        {
            "type": "Feature",
            "properties": {
                "created_at": "2021-08-29 11:36:16.063663"
            },
            "geometry": {
                "type": "Point",
                "coordinates": [
                    46.65108807,
                    24.75670845
                ]
            }
        },
        {
            "type": "Feature",
            "properties": {
                "created_at": "2021-08-29 11:40:53.500081"
            },
            "geometry": {
                "type": "Point",
                "coordinates": [
                    46.73407344,
                    24.68514433
                ]
            }
        },
        {
            "type": "Feature",
            "properties": {
                "created_at": "2021-08-29 11:45:14.813361"
            },
            "geometry": {
                "type": "Point",
                "coordinates": [
                    46.6895553,
                    24.9760332
                ]
            }
        },
        {
            "type": "Feature",
            "properties": {
                "created_at": "2021-08-29 11:54:10.092466"
            },
            "geometry": {
                "type": "Point",
                "coordinates": [
                    46.60715584,
                    24.81253168
                ]
            }
        },
        {
            "type": "Feature",
            "properties": {
                "created_at": "2021-08-29 11:49:39.263048"
            },
            "geometry": {
                "type": "Point",
                "coordinates": [
                    46.68254301,
                    24.77663292
                ]
            }
        },
        {
            "type": "Feature",
            "properties": {
                "created_at": "2021-08-29 11:58:28.686709"
            },
            "geometry": {
                "type": "Point",
                "coordinates": [
                    46.5962478,
                    24.81129352
                ]
            }
        },
        {
            "type": "Feature",
            "properties": {
                "created_at": "2021-08-29 11:31:55.828233"
            },
            "geometry": {
                "type": "Point",
                "coordinates": [
                    46.8690719,
                    24.7522468
                ]
            }
        },
        {
            "type": "Feature",
            "properties": {
                "created_at": "2021-08-29 11:36:17.495494"
            },
            "geometry": {
                "type": "Point",
                "coordinates": [
                    46.62202249,
                    24.79946293
                ]
            }
        },
        {
            "type": "Feature",
            "properties": {
                "created_at": "2021-08-29 11:40:55.911733"
            },
            "geometry": {
                "type": "Point",
                "coordinates": [
                    46.63635001,
                    24.74121888
                ]
            }
        },
        {
            "type": "Feature",
            "properties": {
                "created_at": "2021-08-29 11:45:16.545437"
            },
            "geometry": {
                "type": "Point",
                "coordinates": [
                    46.63386611,
                    24.74003939
                ]
            }
        },
        {
            "type": "Feature",
            "properties": {
                "created_at": "2021-08-29 11:54:11.613453"
            },
            "geometry": {
                "type": "Point",
                "coordinates": [
                    46.6854931,
                    24.97729264
                ]
            }
        },
        {
            "type": "Feature",
            "properties": {
                "created_at": "2021-08-29 11:49:40.741178"
            },
            "geometry": {
                "type": "Point",
                "coordinates": [
                    46.6234651,
                    24.6797123
                ]
            }
        },
        {
            "type": "Feature",
            "properties": {
                "created_at": "2021-08-29 11:58:30.264798"
            },
            "geometry": {
                "type": "Point",
                "coordinates": [
                    46.70748638,
                    24.68234824
                ]
            }
        },
        {
            "type": "Feature",
            "properties": {
                "created_at": "2021-08-29 11:31:57.511596"
            },
            "geometry": {
                "type": "Point",
                "coordinates": [
                    46.6760765,
                    24.7053383
                ]
            }
        },
        {
            "type": "Feature",
            "properties": {
                "created_at": "2021-08-29 11:36:19.009044"
            },
            "geometry": {
                "type": "Point",
                "coordinates": [
                    46.63843391,
                    24.79672813
                ]
            }
        },
        {
            "type": "Feature",
            "properties": {
                "created_at": "2021-08-29 11:54:13.437917"
            },
            "geometry": {
                "type": "Point",
                "coordinates": [
                    46.704855,
                    24.6767358
                ]
            }
        },
        {
            "type": "Feature",
            "properties": {
                "created_at": "2021-08-29 11:36:21.51032"
            },
            "geometry": {
                "type": "Point",
                "coordinates": [
                    46.7050712,
                    24.6878334
                ]
            }
        },
        {
            "type": "Feature",
            "properties": {
                "created_at": "2021-08-29 11:40:59.233852"
            },
            "geometry": {
                "type": "Point",
                "coordinates": [
                    46.61559641,
                    24.80776741
                ]
            }
        },
        {
            "type": "Feature",
            "properties": {
                "created_at": "2021-08-29 11:45:19.556952"
            },
            "geometry": {
                "type": "Point",
                "coordinates": [
                    46.704855,
                    24.6767358
                ]
            }
        },
        {
            "type": "Feature",
            "properties": {
                "created_at": "2021-08-29 11:54:14.902586"
            },
            "geometry": {
                "type": "Point",
                "coordinates": [
                    46.68757986,
                    24.71509214
                ]
            }
        },
        {
            "type": "Feature",
            "properties": {
                "created_at": "2021-08-29 11:49:44.847985"
            },
            "geometry": {
                "type": "Point",
                "coordinates": [
                    46.6353854,
                    24.8148785
                ]
            }
        },
        {
            "type": "Feature",
            "properties": {
                "created_at": "2021-08-29 11:58:34.395877"
            },
            "geometry": {
                "type": "Point",
                "coordinates": [
                    46.67871282,
                    24.70507736
                ]
            }
        },
        {
            "type": "Feature",
            "properties": {
                "created_at": "2021-08-29 11:32:00.682945"
            },
            "geometry": {
                "type": "Point",
                "coordinates": [
                    46.73595987,
                    24.85057335
                ]
            }
        },
        {
            "type": "Feature",
            "properties": {
                "created_at": "2021-08-29 11:41:00.758839"
            },
            "geometry": {
                "type": "Point",
                "coordinates": [
                    46.6354627,
                    24.74198982
                ]
            }
        },
        {
            "type": "Feature",
            "properties": {
                "created_at": "2021-08-29 11:36:22.904874"
            },
            "geometry": {
                "type": "Point",
                "coordinates": [
                    46.86099172,
                    24.75283075
                ]
            }
        },
        {
            "type": "Feature",
            "properties": {
                "created_at": "2021-08-29 11:49:46.243272"
            },
            "geometry": {
                "type": "Point",
                "coordinates": [
                    46.6363342,
                    24.7412359
                ]
            }
        },
        {
            "type": "Feature",
            "properties": {
                "created_at": "2021-08-29 11:46:55.118382"
            },
            "geometry": {
                "type": "Point",
                "coordinates": [
                    46.62652858,
                    24.68308028
                ]
            }
        },
        {
            "type": "Feature",
            "properties": {
                "created_at": "2021-08-29 11:55:45.723841"
            },
            "geometry": {
                "type": "Point",
                "coordinates": [
                    46.71351749,
                    24.80497518
                ]
            }
        },
        {
            "type": "Feature",
            "properties": {
                "created_at": "2021-08-29 11:46:08.996482"
            },
            "geometry": {
                "type": "Point",
                "coordinates": [
                    46.6895553,
                    24.9760332
                ]
            }
        },
        {
            "type": "Feature",
            "properties": {
                "created_at": "2021-08-29 11:50:40.695035"
            },
            "geometry": {
                "type": "Point",
                "coordinates": [
                    46.67661332,
                    24.71280969
                ]
            }
        },
        {
            "type": "Feature",
            "properties": {
                "created_at": "2021-08-29 11:55:01.745695"
            },
            "geometry": {
                "type": "Point",
                "coordinates": [
                    46.71431847,
                    24.82160961
                ]
            }
        },
        {
            "type": "Feature",
            "properties": {
                "created_at": "2021-08-29 11:59:22.405395"
            },
            "geometry": {
                "type": "Point",
                "coordinates": [
                    46.6394432,
                    24.7604091
                ]
            }
        },
        {
            "type": "Feature",
            "properties": {
                "created_at": "2021-08-29 11:32:49.00069"
            },
            "geometry": {
                "type": "Point",
                "coordinates": [
                    46.65360985,
                    24.7502098
                ]
            }
        },
        {
            "type": "Feature",
            "properties": {
                "created_at": "2021-08-29 11:37:09.438292"
            },
            "geometry": {
                "type": "Point",
                "coordinates": [
                    46.67765468,
                    24.6971773
                ]
            }
        },
        {
            "type": "Feature",
            "properties": {
                "created_at": "2021-08-29 11:46:10.575135"
            },
            "geometry": {
                "type": "Point",
                "coordinates": [
                    46.71033505,
                    24.76843389
                ]
            }
        },
        {
            "type": "Feature",
            "properties": {
                "created_at": "2021-08-29 11:50:43.491738"
            },
            "geometry": {
                "type": "Point",
                "coordinates": [
                    46.6956483,
                    24.6428993
                ]
            }
        },
        {
            "type": "Feature",
            "properties": {
                "created_at": "2021-08-29 11:55:03.366999"
            },
            "geometry": {
                "type": "Point",
                "coordinates": [
                    46.71420783,
                    24.82263563
                ]
            }
        },
        {
            "type": "Feature",
            "properties": {
                "created_at": "2021-08-29 11:32:50.40096"
            },
            "geometry": {
                "type": "Point",
                "coordinates": [
                    46.70088764,
                    24.68943377
                ]
            }
        },
        {
            "type": "Feature",
            "properties": {
                "created_at": "2021-08-29 11:41:49.932624"
            },
            "geometry": {
                "type": "Point",
                "coordinates": [
                    46.65249808,
                    24.83400543
                ]
            }
        },
        {
            "type": "Feature",
            "properties": {
                "created_at": "2021-08-29 11:37:12.161652"
            },
            "geometry": {
                "type": "Point",
                "coordinates": [
                    46.75958762,
                    24.80731758
                ]
            }
        },
        {
            "type": "Feature",
            "properties": {
                "created_at": "2021-08-29 11:46:12.027611"
            },
            "geometry": {
                "type": "Point",
                "coordinates": [
                    46.71033505,
                    24.76843389
                ]
            }
        },
        {
            "type": "Feature",
            "properties": {
                "created_at": "2021-08-29 11:55:05.009159"
            },
            "geometry": {
                "type": "Point",
                "coordinates": [
                    46.67782165,
                    24.66993641
                ]
            }
        },
        {
            "type": "Feature",
            "properties": {
                "created_at": "2021-08-29 11:59:26.237764"
            },
            "geometry": {
                "type": "Point",
                "coordinates": [
                    46.64728185,
                    24.83161355
                ]
            }
        },
        {
            "type": "Feature",
            "properties": {
                "created_at": "2021-08-29 11:32:51.819099"
            },
            "geometry": {
                "type": "Point",
                "coordinates": [
                    46.73592299,
                    24.67223442
                ]
            }
        },
        {
            "type": "Feature",
            "properties": {
                "created_at": "2021-08-29 11:41:51.344979"
            },
            "geometry": {
                "type": "Point",
                "coordinates": [
                    46.7738158,
                    24.7949023
                ]
            }
        },
        {
            "type": "Feature",
            "properties": {
                "created_at": "2021-08-29 11:37:13.572959"
            },
            "geometry": {
                "type": "Point",
                "coordinates": [
                    46.68486312,
                    24.82104292
                ]
            }
        },
        {
            "type": "Feature",
            "properties": {
                "created_at": "2021-08-29 11:55:06.731329"
            },
            "geometry": {
                "type": "Point",
                "coordinates": [
                    46.63714059,
                    24.73808018
                ]
            }
        },
        {
            "type": "Feature",
            "properties": {
                "created_at": "2021-08-29 11:50:46.580588"
            },
            "geometry": {
                "type": "Point",
                "coordinates": [
                    46.71279796,
                    24.94171913
                ]
            }
        },
        {
            "type": "Feature",
            "properties": {
                "created_at": "2021-08-29 11:59:27.643647"
            },
            "geometry": {
                "type": "Point",
                "coordinates": [
                    46.64734103,
                    24.83174148
                ]
            }
        },
        {
            "type": "Feature",
            "properties": {
                "created_at": "2021-08-29 11:32:54.282452"
            },
            "geometry": {
                "type": "Point",
                "coordinates": [
                    46.643329,
                    24.716945
                ]
            }
        },
        {
            "type": "Feature",
            "properties": {
                "created_at": "2021-08-29 11:41:52.787011"
            },
            "geometry": {
                "type": "Point",
                "coordinates": [
                    46.71021,
                    24.70566979
                ]
            }
        },
        {
            "type": "Feature",
            "properties": {
                "created_at": "2021-08-29 11:37:15.264482"
            },
            "geometry": {
                "type": "Point",
                "coordinates": [
                    46.63505081,
                    24.74190902
                ]
            }
        },
        {
            "type": "Feature",
            "properties": {
                "created_at": "2021-08-29 11:55:09.135612"
            },
            "geometry": {
                "type": "Point",
                "coordinates": [
                    46.6895553,
                    24.9760332
                ]
            }
        },
        {
            "type": "Feature",
            "properties": {
                "created_at": "2021-08-29 11:50:48.282038"
            },
            "geometry": {
                "type": "Point",
                "coordinates": [
                    46.63376167,
                    24.73768365
                ]
            }
        },
        {
            "type": "Feature",
            "properties": {
                "created_at": "2021-08-29 11:59:29.034237"
            },
            "geometry": {
                "type": "Point",
                "coordinates": [
                    46.63415395,
                    24.74161412
                ]
            }
        },
        {
            "type": "Feature",
            "properties": {
                "created_at": "2021-08-29 11:37:16.691693"
            },
            "geometry": {
                "type": "Point",
                "coordinates": [
                    46.7396117,
                    24.75476733
                ]
            }
        },
        {
            "type": "Feature",
            "properties": {
                "created_at": "2021-08-29 11:41:55.175812"
            },
            "geometry": {
                "type": "Point",
                "coordinates": [
                    46.63735164,
                    24.73808705
                ]
            }
        },
        {
            "type": "Feature",
            "properties": {
                "created_at": "2021-08-29 11:46:17.810184"
            },
            "geometry": {
                "type": "Point",
                "coordinates": [
                    46.6895553,
                    24.9760332
                ]
            }
        },
        {
            "type": "Feature",
            "properties": {
                "created_at": "2021-08-29 11:55:10.750262"
            },
            "geometry": {
                "type": "Point",
                "coordinates": [
                    46.6895553,
                    24.9760332
                ]
            }
        },
        {
            "type": "Feature",
            "properties": {
                "created_at": "2021-08-29 11:50:49.675653"
            },
            "geometry": {
                "type": "Point",
                "coordinates": [
                    46.62728917,
                    24.68653445
                ]
            }
        },
        {
            "type": "Feature",
            "properties": {
                "created_at": "2021-08-29 11:59:30.54767"
            },
            "geometry": {
                "type": "Point",
                "coordinates": [
                    46.68874847,
                    24.70123994
                ]
            }
        },
        {
            "type": "Feature",
            "properties": {
                "created_at": "2021-08-29 11:32:57.096639"
            },
            "geometry": {
                "type": "Point",
                "coordinates": [
                    46.63145581,
                    24.71097513
                ]
            }
        },
        {
            "type": "Feature",
            "properties": {
                "created_at": "2021-08-29 11:41:56.629755"
            },
            "geometry": {
                "type": "Point",
                "coordinates": [
                    46.7967151,
                    24.6642293
                ]
            }
        },
        {
            "type": "Feature",
            "properties": {
                "created_at": "2021-08-29 11:37:18.292516"
            },
            "geometry": {
                "type": "Point",
                "coordinates": [
                    46.65627982,
                    24.77350343
                ]
            }
        },
        {
            "type": "Feature",
            "properties": {
                "created_at": "2021-08-29 11:51:21.992707"
            },
            "geometry": {
                "type": "Point",
                "coordinates": [
                    46.6895553,
                    24.9760332
                ]
            }
        },
        {
            "type": "Feature",
            "properties": {
                "created_at": "2021-08-29 11:55:40.358927"
            },
            "geometry": {
                "type": "Point",
                "coordinates": [
                    46.6510901,
                    24.7566877
                ]
            }
        },
        {
            "type": "Feature",
            "properties": {
                "created_at": "2021-08-29 12:00:01.348732"
            },
            "geometry": {
                "type": "Point",
                "coordinates": [
                    46.7174946,
                    24.8076734
                ]
            }
        },
        {
            "type": "Feature",
            "properties": {
                "created_at": "2021-08-29 11:37:49.331798"
            },
            "geometry": {
                "type": "Point",
                "coordinates": [
                    46.63536765,
                    24.78322595
                ]
            }
        },
        {
            "type": "Feature",
            "properties": {
                "created_at": "2021-08-29 11:42:26.268493"
            },
            "geometry": {
                "type": "Point",
                "coordinates": [
                    46.64505109,
                    24.78245544
                ]
            }
        },
        {
            "type": "Feature",
            "properties": {
                "created_at": "2021-08-29 11:46:52.118914"
            },
            "geometry": {
                "type": "Point",
                "coordinates": [
                    46.6895553,
                    24.9760332
                ]
            }
        },
        {
            "type": "Feature",
            "properties": {
                "created_at": "2021-08-29 11:51:23.606207"
            },
            "geometry": {
                "type": "Point",
                "coordinates": [
                    46.68065809,
                    24.82667936
                ]
            }
        },
        {
            "type": "Feature",
            "properties": {
                "created_at": "2021-08-29 11:55:42.788371"
            },
            "geometry": {
                "type": "Point",
                "coordinates": [
                    46.6895553,
                    24.9760332
                ]
            }
        },
        {
            "type": "Feature",
            "properties": {
                "created_at": "2021-08-29 11:37:50.782133"
            },
            "geometry": {
                "type": "Point",
                "coordinates": [
                    46.72868,
                    24.788135
                ]
            }
        },
        {
            "type": "Feature",
            "properties": {
                "created_at": "2021-08-29 11:42:28.667519"
            },
            "geometry": {
                "type": "Point",
                "coordinates": [
                    46.6199659,
                    24.8217949
                ]
            }
        },
        {
            "type": "Feature",
            "properties": {
                "created_at": "2021-08-29 11:51:25.206004"
            },
            "geometry": {
                "type": "Point",
                "coordinates": [
                    46.6917495,
                    24.6601161
                ]
            }
        },
        {
            "type": "Feature",
            "properties": {
                "created_at": "2021-08-29 11:55:44.33376"
            },
            "geometry": {
                "type": "Point",
                "coordinates": [
                    46.63977033,
                    24.7388372
                ]
            }
        },
        {
            "type": "Feature",
            "properties": {
                "created_at": "2021-08-29 12:00:04.424006"
            },
            "geometry": {
                "type": "Point",
                "coordinates": [
                    46.66186988,
                    24.73119691
                ]
            }
        },
        {
            "type": "Feature",
            "properties": {
                "created_at": "2021-08-29 11:33:33.10905"
            },
            "geometry": {
                "type": "Point",
                "coordinates": [
                    46.6832858,
                    24.6943961
                ]
            }
        },
        {
            "type": "Feature",
            "properties": {
                "created_at": "2021-08-29 11:37:52.191613"
            },
            "geometry": {
                "type": "Point",
                "coordinates": [
                    46.68045829,
                    24.7468508
                ]
            }
        },
        {
            "type": "Feature",
            "properties": {
                "created_at": "2021-08-29 11:42:30.055372"
            },
            "geometry": {
                "type": "Point",
                "coordinates": [
                    46.72812883,
                    24.76885057
                ]
            }
        },
        {
            "type": "Feature",
            "properties": {
                "created_at": "2021-08-29 12:00:05.80868"
            },
            "geometry": {
                "type": "Point",
                "coordinates": [
                    46.63625443,
                    24.74095088
                ]
            }
        },
        {
            "type": "Feature",
            "properties": {
                "created_at": "2021-08-29 11:25:20.028436"
            },
            "geometry": {
                "type": "Point",
                "coordinates": [
                    46.72868,
                    24.788135
                ]
            }
        },
        {
            "type": "Feature",
            "properties": {
                "created_at": "2021-08-29 11:24:33.681972"
            },
            "geometry": {
                "type": "Point",
                "coordinates": [
                    46.73433781,
                    24.96079079
                ]
            }
        },
        {
            "type": "Feature",
            "properties": {
                "created_at": "2021-08-29 11:24:18.004703"
            },
            "geometry": {
                "type": "Point",
                "coordinates": [
                    46.62949193,
                    24.79193209
                ]
            }
        },
        {
            "type": "Feature",
            "properties": {
                "created_at": "2021-08-29 11:23:59.223003"
            },
            "geometry": {
                "type": "Point",
                "coordinates": [
                    46.59737265,
                    24.67619697
                ]
            }
        },
        {
            "type": "Feature",
            "properties": {
                "created_at": "2021-08-29 11:28:17.58666"
            },
            "geometry": {
                "type": "Point",
                "coordinates": [
                    46.72851875,
                    24.66697114
                ]
            }
        },
        {
            "type": "Feature",
            "properties": {
                "created_at": "2021-08-29 11:23:57.848748"
            },
            "geometry": {
                "type": "Point",
                "coordinates": [
                    46.6380579,
                    24.74202884
                ]
            }
        },
        {
            "type": "Feature",
            "properties": {
                "created_at": "2021-08-29 11:28:14.213937"
            },
            "geometry": {
                "type": "Point",
                "coordinates": [
                    46.67404912,
                    24.77321174
                ]
            }
        },
        {
            "type": "Feature",
            "properties": {
                "created_at": "2021-08-29 11:23:53.942138"
            },
            "geometry": {
                "type": "Point",
                "coordinates": [
                    46.69762926,
                    24.77183194
                ]
            }
        },
        {
            "type": "Feature",
            "properties": {
                "created_at": "2021-08-29 11:23:52.547639"
            },
            "geometry": {
                "type": "Point",
                "coordinates": [
                    46.70941187,
                    24.68833163
                ]
            }
        },
        {
            "type": "Feature",
            "properties": {
                "created_at": "2021-08-29 11:28:10.176821"
            },
            "geometry": {
                "type": "Point",
                "coordinates": [
                    46.64505109,
                    24.78245544
                ]
            }
        },
        {
            "type": "Feature",
            "properties": {
                "created_at": "2021-08-29 11:23:50.947427"
            },
            "geometry": {
                "type": "Point",
                "coordinates": [
                    46.77892249,
                    24.6825642
                ]
            }
        },
        {
            "type": "Feature",
            "properties": {
                "created_at": "2021-08-29 11:28:06.909014"
            },
            "geometry": {
                "type": "Point",
                "coordinates": [
                    46.6823589,
                    24.697478
                ]
            }
        },
        {
            "type": "Feature",
            "properties": {
                "created_at": "2021-08-29 11:23:46.75999"
            },
            "geometry": {
                "type": "Point",
                "coordinates": [
                    46.6367003,
                    24.7411492
                ]
            }
        },
        {
            "type": "Feature",
            "properties": {
                "created_at": "2021-08-29 11:28:05.482253"
            },
            "geometry": {
                "type": "Point",
                "coordinates": [
                    46.7176886,
                    24.6875956
                ]
            }
        },
        {
            "type": "Feature",
            "properties": {
                "created_at": "2021-08-29 11:23:45.304516"
            },
            "geometry": {
                "type": "Point",
                "coordinates": [
                    46.72276173,
                    24.76765426
                ]
            }
        },
        {
            "type": "Feature",
            "properties": {
                "created_at": "2021-08-29 11:28:02.966914"
            },
            "geometry": {
                "type": "Point",
                "coordinates": [
                    46.64505109,
                    24.78245544
                ]
            }
        },
        {
            "type": "Feature",
            "properties": {
                "created_at": "2021-08-29 11:28:01.569625"
            },
            "geometry": {
                "type": "Point",
                "coordinates": [
                    46.65440513,
                    24.82421083
                ]
            }
        },
        {
            "type": "Feature",
            "properties": {
                "created_at": "2021-08-29 11:23:42.260089"
            },
            "geometry": {
                "type": "Point",
                "coordinates": [
                    46.62731197,
                    24.68616797
                ]
            }
        },
        {
            "type": "Feature",
            "properties": {
                "created_at": "2021-08-29 11:23:40.602119"
            },
            "geometry": {
                "type": "Point",
                "coordinates": [
                    46.68971758,
                    24.82545358
                ]
            }
        },
        {
            "type": "Feature",
            "properties": {
                "created_at": "2021-08-29 11:23:38.190345"
            },
            "geometry": {
                "type": "Point",
                "coordinates": [
                    46.66508719,
                    24.77479858
                ]
            }
        },
        {
            "type": "Feature",
            "properties": {
                "created_at": "2021-08-29 11:23:36.637616"
            },
            "geometry": {
                "type": "Point",
                "coordinates": [
                    46.64002229,
                    24.73876701
                ]
            }
        },
        {
            "type": "Feature",
            "properties": {
                "created_at": "2021-08-29 11:27:54.676372"
            },
            "geometry": {
                "type": "Point",
                "coordinates": [
                    46.70574512,
                    24.79128735
                ]
            }
        },
        {
            "type": "Feature",
            "properties": {
                "created_at": "2021-08-29 11:42:24.835279"
            },
            "geometry": {
                "type": "Point",
                "coordinates": [
                    46.64376967,
                    24.72079097
                ]
            }
        },
        {
            "type": "Feature",
            "properties": {
                "created_at": "2021-08-29 11:46:50.686555"
            },
            "geometry": {
                "type": "Point",
                "coordinates": [
                    46.62683722,
                    24.6866202
                ]
            }
        },
        {
            "type": "Feature",
            "properties": {
                "created_at": "2021-08-29 11:27:53.242555"
            },
            "geometry": {
                "type": "Point",
                "coordinates": [
                    46.76987641,
                    24.77232964
                ]
            }
        },
        {
            "type": "Feature",
            "properties": {
                "created_at": "2021-08-29 11:27:51.798876"
            },
            "geometry": {
                "type": "Point",
                "coordinates": [
                    46.63162731,
                    24.80183267
                ]
            }
        },
        {
            "type": "Feature",
            "properties": {
                "created_at": "2021-08-29 11:27:50.41968"
            },
            "geometry": {
                "type": "Point",
                "coordinates": [
                    46.63713656,
                    24.73799205
                ]
            }
        },
        {
            "type": "Feature",
            "properties": {
                "created_at": "2021-08-29 11:27:43.017248"
            },
            "geometry": {
                "type": "Point",
                "coordinates": [
                    46.59028273,
                    24.80838409
                ]
            }
        },
        {
            "type": "Feature",
            "properties": {
                "created_at": "2021-08-29 11:27:41.644926"
            },
            "geometry": {
                "type": "Point",
                "coordinates": [
                    46.71922792,
                    24.67208101
                ]
            }
        },
        {
            "type": "Feature",
            "properties": {
                "created_at": "2021-08-29 11:27:40.237861"
            },
            "geometry": {
                "type": "Point",
                "coordinates": [
                    46.6419876,
                    24.7596665
                ]
            }
        },
        {
            "type": "Feature",
            "properties": {
                "created_at": "2021-08-29 11:27:34.907764"
            },
            "geometry": {
                "type": "Point",
                "coordinates": [
                    46.7738158,
                    24.7949023
                ]
            }
        },
        {
            "type": "Feature",
            "properties": {
                "created_at": "2021-08-29 11:27:01.455781"
            },
            "geometry": {
                "type": "Point",
                "coordinates": [
                    46.62649993,
                    24.67513678
                ]
            }
        },
        {
            "type": "Feature",
            "properties": {
                "created_at": "2021-08-29 11:27:23.380293"
            },
            "geometry": {
                "type": "Point",
                "coordinates": [
                    46.625888,
                    24.6833355
                ]
            }
        },
        {
            "type": "Feature",
            "properties": {
                "created_at": "2021-08-29 11:27:17.602558"
            },
            "geometry": {
                "type": "Point",
                "coordinates": [
                    46.68630917,
                    24.68211351
                ]
            }
        },
        {
            "type": "Feature",
            "properties": {
                "created_at": "2021-08-29 11:27:15.988477"
            },
            "geometry": {
                "type": "Point",
                "coordinates": [
                    46.85320945,
                    24.73468252
                ]
            }
        },
        {
            "type": "Feature",
            "properties": {
                "created_at": "2021-08-29 11:27:11.824263"
            },
            "geometry": {
                "type": "Point",
                "coordinates": [
                    46.73047,
                    24.67022
                ]
            }
        },
        {
            "type": "Feature",
            "properties": {
                "created_at": "2021-08-29 11:27:10.264483"
            },
            "geometry": {
                "type": "Point",
                "coordinates": [
                    46.68760072,
                    24.67551688
                ]
            }
        },
        {
            "type": "Feature",
            "properties": {
                "created_at": "2021-08-29 11:27:08.825611"
            },
            "geometry": {
                "type": "Point",
                "coordinates": [
                    46.64365634,
                    24.69585865
                ]
            }
        },
        {
            "type": "Feature",
            "properties": {
                "created_at": "2021-08-29 11:27:05.395691"
            },
            "geometry": {
                "type": "Point",
                "coordinates": [
                    46.67980548,
                    24.69551636
                ]
            }
        },
        {
            "type": "Feature",
            "properties": {
                "created_at": "2021-08-29 11:28:28.82259"
            },
            "geometry": {
                "type": "Point",
                "coordinates": [
                    46.6160893,
                    24.806926
                ]
            }
        },
        {
            "type": "Feature",
            "properties": {
                "created_at": "2021-08-29 11:26:59.853587"
            },
            "geometry": {
                "type": "Point",
                "coordinates": [
                    46.86977327,
                    24.76009927
                ]
            }
        },
        {
            "type": "Feature",
            "properties": {
                "created_at": "2021-08-29 11:26:58.117333"
            },
            "geometry": {
                "type": "Point",
                "coordinates": [
                    46.67613404,
                    24.71349316
                ]
            }
        },
        {
            "type": "Feature",
            "properties": {
                "created_at": "2021-08-29 11:26:56.458089"
            },
            "geometry": {
                "type": "Point",
                "coordinates": [
                    46.59028877,
                    24.72914485
                ]
            }
        },
        {
            "type": "Feature",
            "properties": {
                "created_at": "2021-08-29 11:26:50.874755"
            },
            "geometry": {
                "type": "Point",
                "coordinates": [
                    46.73645423,
                    24.85330594
                ]
            }
        },
        {
            "type": "Feature",
            "properties": {
                "created_at": "2021-08-29 11:26:49.156075"
            },
            "geometry": {
                "type": "Point",
                "coordinates": [
                    46.73645423,
                    24.85330594
                ]
            }
        },
        {
            "type": "Feature",
            "properties": {
                "created_at": "2021-08-29 11:26:47.605485"
            },
            "geometry": {
                "type": "Point",
                "coordinates": [
                    46.73645423,
                    24.85330594
                ]
            }
        },
        {
            "type": "Feature",
            "properties": {
                "created_at": "2021-08-29 11:26:44.975544"
            },
            "geometry": {
                "type": "Point",
                "coordinates": [
                    46.68742346,
                    24.67989991
                ]
            }
        },
        {
            "type": "Feature",
            "properties": {
                "created_at": "2021-08-29 11:26:43.518012"
            },
            "geometry": {
                "type": "Point",
                "coordinates": [
                    46.68745112,
                    24.77400451
                ]
            }
        },
        {
            "type": "Feature",
            "properties": {
                "created_at": "2021-08-29 11:26:38.91588"
            },
            "geometry": {
                "type": "Point",
                "coordinates": [
                    46.68211251,
                    24.77483572
                ]
            }
        },
        {
            "type": "Feature",
            "properties": {
                "created_at": "2021-08-29 11:26:36.242184"
            },
            "geometry": {
                "type": "Point",
                "coordinates": [
                    46.6895553,
                    24.9760332
                ]
            }
        },
        {
            "type": "Feature",
            "properties": {
                "created_at": "2021-08-29 11:26:34.642014"
            },
            "geometry": {
                "type": "Point",
                "coordinates": [
                    46.6895553,
                    24.9760332
                ]
            }
        },
        {
            "type": "Feature",
            "properties": {
                "created_at": "2021-08-29 11:26:33.044883"
            },
            "geometry": {
                "type": "Point",
                "coordinates": [
                    46.69371073,
                    24.80105337
                ]
            }
        },
        {
            "type": "Feature",
            "properties": {
                "created_at": "2021-08-29 11:26:29.695883"
            },
            "geometry": {
                "type": "Point",
                "coordinates": [
                    46.68494526,
                    24.69018999
                ]
            }
        },
        {
            "type": "Feature",
            "properties": {
                "created_at": "2021-08-29 11:26:25.671387"
            },
            "geometry": {
                "type": "Point",
                "coordinates": [
                    46.6724368,
                    24.7127875
                ]
            }
        },
        {
            "type": "Feature",
            "properties": {
                "created_at": "2021-08-29 11:26:24.104326"
            },
            "geometry": {
                "type": "Point",
                "coordinates": [
                    46.68254301,
                    24.77663292
                ]
            }
        },
        {
            "type": "Feature",
            "properties": {
                "created_at": "2021-08-29 11:26:21.26835"
            },
            "geometry": {
                "type": "Point",
                "coordinates": [
                    46.67645641,
                    24.7750199
                ]
            }
        },
        {
            "type": "Feature",
            "properties": {
                "created_at": "2021-08-29 11:26:17.496507"
            },
            "geometry": {
                "type": "Point",
                "coordinates": [
                    46.74878854,
                    24.76475479
                ]
            }
        },
        {
            "type": "Feature",
            "properties": {
                "created_at": "2021-08-29 11:26:14.405691"
            },
            "geometry": {
                "type": "Point",
                "coordinates": [
                    46.86917698,
                    24.75219942
                ]
            }
        },
        {
            "type": "Feature",
            "properties": {
                "created_at": "2021-08-29 11:26:13.022417"
            },
            "geometry": {
                "type": "Point",
                "coordinates": [
                    46.63415495,
                    24.74118789
                ]
            }
        },
        {
            "type": "Feature",
            "properties": {
                "created_at": "2021-08-29 11:26:07.776184"
            },
            "geometry": {
                "type": "Point",
                "coordinates": [
                    46.76740693,
                    24.69406249
                ]
            }
        },
        {
            "type": "Feature",
            "properties": {
                "created_at": "2021-08-29 11:26:06.311239"
            },
            "geometry": {
                "type": "Point",
                "coordinates": [
                    46.6510901,
                    24.7566877
                ]
            }
        },
        {
            "type": "Feature",
            "properties": {
                "created_at": "2021-08-29 11:26:04.890785"
            },
            "geometry": {
                "type": "Point",
                "coordinates": [
                    46.71893271,
                    24.68667595
                ]
            }
        },
        {
            "type": "Feature",
            "properties": {
                "created_at": "2021-08-29 11:26:00.702389"
            },
            "geometry": {
                "type": "Point",
                "coordinates": [
                    46.63714059,
                    24.73808018
                ]
            }
        },
        {
            "type": "Feature",
            "properties": {
                "created_at": "2021-08-29 11:25:56.439659"
            },
            "geometry": {
                "type": "Point",
                "coordinates": [
                    46.71048928,
                    24.66024603
                ]
            }
        },
        {
            "type": "Feature",
            "properties": {
                "created_at": "2021-08-29 11:25:53.988701"
            },
            "geometry": {
                "type": "Point",
                "coordinates": [
                    46.718228,
                    24.653045
                ]
            }
        },
        {
            "type": "Feature",
            "properties": {
                "created_at": "2021-08-29 11:25:49.709373"
            },
            "geometry": {
                "type": "Point",
                "coordinates": [
                    46.64934229,
                    24.77399452
                ]
            }
        },
        {
            "type": "Feature",
            "properties": {
                "created_at": "2021-08-29 11:25:48.044703"
            },
            "geometry": {
                "type": "Point",
                "coordinates": [
                    46.71365563,
                    24.85386537
                ]
            }
        },
        {
            "type": "Feature",
            "properties": {
                "created_at": "2021-08-29 11:25:45.447023"
            },
            "geometry": {
                "type": "Point",
                "coordinates": [
                    46.71325263,
                    24.73940617
                ]
            }
        },
        {
            "type": "Feature",
            "properties": {
                "created_at": "2021-08-29 11:27:27.763384"
            },
            "geometry": {
                "type": "Point",
                "coordinates": [
                    46.7221713,
                    24.8360966
                ]
            }
        },
        {
            "type": "Feature",
            "properties": {
                "created_at": "2021-08-29 11:27:29.388691"
            },
            "geometry": {
                "type": "Point",
                "coordinates": [
                    46.64356045,
                    24.77677102
                ]
            }
        },
        {
            "type": "Feature",
            "properties": {
                "created_at": "2021-08-29 11:27:57.101216"
            },
            "geometry": {
                "type": "Point",
                "coordinates": [
                    46.6218429,
                    24.7131974
                ]
            }
        },
        {
            "type": "Feature",
            "properties": {
                "created_at": "2021-08-29 11:28:00.174722"
            },
            "geometry": {
                "type": "Point",
                "coordinates": [
                    46.644143,
                    24.782087
                ]
            }
        },
        {
            "type": "Feature",
            "properties": {
                "created_at": "2021-08-29 11:28:23.056474"
            },
            "geometry": {
                "type": "Point",
                "coordinates": [
                    46.66686164,
                    24.79867772
                ]
            }
        },
        {
            "type": "Feature",
            "properties": {
                "created_at": "2021-08-29 11:24:04.0552"
            },
            "geometry": {
                "type": "Point",
                "coordinates": [
                    46.6354193,
                    24.740393
                ]
            }
        },
        {
            "type": "Feature",
            "properties": {
                "created_at": "2021-08-29 11:24:08.113726"
            },
            "geometry": {
                "type": "Point",
                "coordinates": [
                    46.6378979,
                    24.7425828
                ]
            }
        },
        {
            "type": "Feature",
            "properties": {
                "created_at": "2021-08-29 11:28:27.428816"
            },
            "geometry": {
                "type": "Point",
                "coordinates": [
                    46.6908415,
                    24.75346
                ]
            }
        },
        {
            "type": "Feature",
            "properties": {
                "created_at": "2021-08-29 11:24:09.530083"
            },
            "geometry": {
                "type": "Point",
                "coordinates": [
                    46.63882971,
                    24.7410185
                ]
            }
        },
        {
            "type": "Feature",
            "properties": {
                "created_at": "2021-08-29 11:24:11.051976"
            },
            "geometry": {
                "type": "Point",
                "coordinates": [
                    46.68754734,
                    24.68734295
                ]
            }
        },
        {
            "type": "Feature",
            "properties": {
                "created_at": "2021-08-29 11:28:31.335355"
            },
            "geometry": {
                "type": "Point",
                "coordinates": [
                    46.7156921,
                    24.68948693
                ]
            }
        },
        {
            "type": "Feature",
            "properties": {
                "created_at": "2021-08-29 11:24:12.635495"
            },
            "geometry": {
                "type": "Point",
                "coordinates": [
                    46.63508138,
                    24.74191487
                ]
            }
        },
        {
            "type": "Feature",
            "properties": {
                "created_at": "2021-08-29 11:28:32.791764"
            },
            "geometry": {
                "type": "Point",
                "coordinates": [
                    46.79030444,
                    24.6584048
                ]
            }
        },
        {
            "type": "Feature",
            "properties": {
                "created_at": "2021-08-29 11:24:15.036682"
            },
            "geometry": {
                "type": "Point",
                "coordinates": [
                    46.63508138,
                    24.74191487
                ]
            }
        },
        {
            "type": "Feature",
            "properties": {
                "created_at": "2021-08-29 11:28:34.2307"
            },
            "geometry": {
                "type": "Point",
                "coordinates": [
                    46.6093396,
                    24.8050103
                ]
            }
        },
        {
            "type": "Feature",
            "properties": {
                "created_at": "2021-08-29 11:28:39.91086"
            },
            "geometry": {
                "type": "Point",
                "coordinates": [
                    46.6691573,
                    24.8085157
                ]
            }
        },
        {
            "type": "Feature",
            "properties": {
                "created_at": "2021-08-29 11:28:42.744732"
            },
            "geometry": {
                "type": "Point",
                "coordinates": [
                    46.71738625,
                    24.68612014
                ]
            }
        },
        {
            "type": "Feature",
            "properties": {
                "created_at": "2021-08-29 11:24:24.774535"
            },
            "geometry": {
                "type": "Point",
                "coordinates": [
                    46.77172847,
                    24.81285869
                ]
            }
        },
        {
            "type": "Feature",
            "properties": {
                "created_at": "2021-08-29 11:28:44.242363"
            },
            "geometry": {
                "type": "Point",
                "coordinates": [
                    46.77777853,
                    24.68230484
                ]
            }
        },
        {
            "type": "Feature",
            "properties": {
                "created_at": "2021-08-29 11:28:45.652514"
            },
            "geometry": {
                "type": "Point",
                "coordinates": [
                    46.625888,
                    24.6833355
                ]
            }
        },
        {
            "type": "Feature",
            "properties": {
                "created_at": "2021-08-29 11:24:27.732576"
            },
            "geometry": {
                "type": "Point",
                "coordinates": [
                    46.71980292,
                    24.67232489
                ]
            }
        },
        {
            "type": "Feature",
            "properties": {
                "created_at": "2021-08-29 11:24:29.127198"
            },
            "geometry": {
                "type": "Point",
                "coordinates": [
                    46.68345815,
                    24.69083916
                ]
            }
        },
        {
            "type": "Feature",
            "properties": {
                "created_at": "2021-08-29 11:28:49.672503"
            },
            "geometry": {
                "type": "Point",
                "coordinates": [
                    46.669125,
                    24.810626
                ]
            }
        },
        {
            "type": "Feature",
            "properties": {
                "created_at": "2021-08-29 11:24:31.93571"
            },
            "geometry": {
                "type": "Point",
                "coordinates": [
                    46.67699939,
                    24.71216159
                ]
            }
        },
        {
            "type": "Feature",
            "properties": {
                "created_at": "2021-08-29 11:28:52.736005"
            },
            "geometry": {
                "type": "Point",
                "coordinates": [
                    46.68224595,
                    24.74618151
                ]
            }
        },
        {
            "type": "Feature",
            "properties": {
                "created_at": "2021-08-29 11:24:35.254652"
            },
            "geometry": {
                "type": "Point",
                "coordinates": [
                    46.68703437,
                    24.71552675
                ]
            }
        },
        {
            "type": "Feature",
            "properties": {
                "created_at": "2021-08-29 11:28:54.131903"
            },
            "geometry": {
                "type": "Point",
                "coordinates": [
                    46.68264292,
                    24.69724947
                ]
            }
        },
        {
            "type": "Feature",
            "properties": {
                "created_at": "2021-08-29 11:29:59.696631"
            },
            "geometry": {
                "type": "Point",
                "coordinates": [
                    46.67325184,
                    24.7185932
                ]
            }
        },
        {
            "type": "Feature",
            "properties": {
                "created_at": "2021-08-29 11:25:40.762901"
            },
            "geometry": {
                "type": "Point",
                "coordinates": [
                    46.6441353,
                    24.7760165
                ]
            }
        },
        {
            "type": "Feature",
            "properties": {
                "created_at": "2021-08-29 11:28:58.40558"
            },
            "geometry": {
                "type": "Point",
                "coordinates": [
                    46.67661332,
                    24.71280969
                ]
            }
        },
        {
            "type": "Feature",
            "properties": {
                "created_at": "2021-08-29 11:24:40.562024"
            },
            "geometry": {
                "type": "Point",
                "coordinates": [
                    46.67660594,
                    24.7124651
                ]
            }
        },
        {
            "type": "Feature",
            "properties": {
                "created_at": "2021-08-29 11:29:00.821255"
            },
            "geometry": {
                "type": "Point",
                "coordinates": [
                    46.6895553,
                    24.9760332
                ]
            }
        },
        {
            "type": "Feature",
            "properties": {
                "created_at": "2021-08-29 11:24:42.26798"
            },
            "geometry": {
                "type": "Point",
                "coordinates": [
                    46.67960331,
                    24.69528628
                ]
            }
        },
        {
            "type": "Feature",
            "properties": {
                "created_at": "2021-08-29 11:29:02.376916"
            },
            "geometry": {
                "type": "Point",
                "coordinates": [
                    46.63830819,
                    24.76242383
                ]
            }
        },
        {
            "type": "Feature",
            "properties": {
                "created_at": "2021-08-29 11:24:43.905279"
            },
            "geometry": {
                "type": "Point",
                "coordinates": [
                    46.7041884,
                    24.6859882
                ]
            }
        },
        {
            "type": "Feature",
            "properties": {
                "created_at": "2021-08-29 11:24:45.389816"
            },
            "geometry": {
                "type": "Point",
                "coordinates": [
                    46.73348118,
                    24.83273311
                ]
            }
        },
        {
            "type": "Feature",
            "properties": {
                "created_at": "2021-08-29 11:29:07.634296"
            },
            "geometry": {
                "type": "Point",
                "coordinates": [
                    46.74900178,
                    24.76438842
                ]
            }
        },
        {
            "type": "Feature",
            "properties": {
                "created_at": "2021-08-29 11:24:49.185459"
            },
            "geometry": {
                "type": "Point",
                "coordinates": [
                    46.71068005,
                    24.85163239
                ]
            }
        },
        {
            "type": "Feature",
            "properties": {
                "created_at": "2021-08-29 11:29:09.284046"
            },
            "geometry": {
                "type": "Point",
                "coordinates": [
                    46.7180799,
                    24.8065201
                ]
            }
        },
        {
            "type": "Feature",
            "properties": {
                "created_at": "2021-08-29 11:24:50.722155"
            },
            "geometry": {
                "type": "Point",
                "coordinates": [
                    46.711069,
                    24.683526
                ]
            }
        },
        {
            "type": "Feature",
            "properties": {
                "created_at": "2021-08-29 11:29:10.703328"
            },
            "geometry": {
                "type": "Point",
                "coordinates": [
                    46.644143,
                    24.782087
                ]
            }
        },
        {
            "type": "Feature",
            "properties": {
                "created_at": "2021-08-29 11:29:12.165359"
            },
            "geometry": {
                "type": "Point",
                "coordinates": [
                    46.70783591,
                    24.73226302
                ]
            }
        },
        {
            "type": "Feature",
            "properties": {
                "created_at": "2021-08-29 11:24:54.979675"
            },
            "geometry": {
                "type": "Point",
                "coordinates": [
                    46.6375309,
                    24.7429824
                ]
            }
        },
        {
            "type": "Feature",
            "properties": {
                "created_at": "2021-08-29 11:29:17.541861"
            },
            "geometry": {
                "type": "Point",
                "coordinates": [
                    46.634041,
                    24.74129
                ]
            }
        },
        {
            "type": "Feature",
            "properties": {
                "created_at": "2021-08-29 11:29:18.931125"
            },
            "geometry": {
                "type": "Point",
                "coordinates": [
                    46.7112207,
                    24.7958886
                ]
            }
        },
        {
            "type": "Feature",
            "properties": {
                "created_at": "2021-08-29 11:29:20.408862"
            },
            "geometry": {
                "type": "Point",
                "coordinates": [
                    46.7112207,
                    24.7958886
                ]
            }
        },
        {
            "type": "Feature",
            "properties": {
                "created_at": "2021-08-29 11:29:25.909992"
            },
            "geometry": {
                "type": "Point",
                "coordinates": [
                    46.6458772,
                    24.7837454
                ]
            }
        },
        {
            "type": "Feature",
            "properties": {
                "created_at": "2021-08-29 11:29:27.406663"
            },
            "geometry": {
                "type": "Point",
                "coordinates": [
                    46.64002229,
                    24.73876701
                ]
            }
        },
        {
            "type": "Feature",
            "properties": {
                "created_at": "2021-08-29 11:25:08.736034"
            },
            "geometry": {
                "type": "Point",
                "coordinates": [
                    46.6440798,
                    24.78215828
                ]
            }
        },
        {
            "type": "Feature",
            "properties": {
                "created_at": "2021-08-29 11:25:11.611518"
            },
            "geometry": {
                "type": "Point",
                "coordinates": [
                    46.75253358,
                    24.73161517
                ]
            }
        },
        {
            "type": "Feature",
            "properties": {
                "created_at": "2021-08-29 11:25:14.021021"
            },
            "geometry": {
                "type": "Point",
                "coordinates": [
                    46.67661902,
                    24.67200193
                ]
            }
        },
        {
            "type": "Feature",
            "properties": {
                "created_at": "2021-08-29 11:25:15.631199"
            },
            "geometry": {
                "type": "Point",
                "coordinates": [
                    46.64192833,
                    24.75984829
                ]
            }
        },
        {
            "type": "Feature",
            "properties": {
                "created_at": "2021-08-29 11:29:35.508577"
            },
            "geometry": {
                "type": "Point",
                "coordinates": [
                    46.6562312,
                    24.752294
                ]
            }
        },
        {
            "type": "Feature",
            "properties": {
                "created_at": "2021-08-29 11:29:36.917436"
            },
            "geometry": {
                "type": "Point",
                "coordinates": [
                    46.74846601,
                    24.78252048
                ]
            }
        },
        {
            "type": "Feature",
            "properties": {
                "created_at": "2021-08-29 11:25:18.626291"
            },
            "geometry": {
                "type": "Point",
                "coordinates": [
                    46.644143,
                    24.782087
                ]
            }
        },
        {
            "type": "Feature",
            "properties": {
                "created_at": "2021-08-29 11:29:39.347464"
            },
            "geometry": {
                "type": "Point",
                "coordinates": [
                    46.68944836,
                    24.7055775
                ]
            }
        },
        {
            "type": "Feature",
            "properties": {
                "created_at": "2021-08-29 11:29:42.572052"
            },
            "geometry": {
                "type": "Point",
                "coordinates": [
                    46.6915251,
                    24.6928556
                ]
            }
        },
        {
            "type": "Feature",
            "properties": {
                "created_at": "2021-08-29 11:25:24.160104"
            },
            "geometry": {
                "type": "Point",
                "coordinates": [
                    46.63085215,
                    24.71144113
                ]
            }
        },
        {
            "type": "Feature",
            "properties": {
                "created_at": "2021-08-29 11:29:44.278205"
            },
            "geometry": {
                "type": "Point",
                "coordinates": [
                    46.70980783,
                    24.94814107
                ]
            }
        },
        {
            "type": "Feature",
            "properties": {
                "created_at": "2021-08-29 11:25:25.579351"
            },
            "geometry": {
                "type": "Point",
                "coordinates": [
                    46.63095273,
                    24.80153135
                ]
            }
        },
        {
            "type": "Feature",
            "properties": {
                "created_at": "2021-08-29 11:25:27.148187"
            },
            "geometry": {
                "type": "Point",
                "coordinates": [
                    46.63150862,
                    24.80170819
                ]
            }
        },
        {
            "type": "Feature",
            "properties": {
                "created_at": "2021-08-29 11:29:48.347191"
            },
            "geometry": {
                "type": "Point",
                "coordinates": [
                    46.67665254,
                    24.71276921
                ]
            }
        },
        {
            "type": "Feature",
            "properties": {
                "created_at": "2021-08-29 11:25:31.020532"
            },
            "geometry": {
                "type": "Point",
                "coordinates": [
                    46.6894963,
                    24.77301783
                ]
            }
        },
        {
            "type": "Feature",
            "properties": {
                "created_at": "2021-08-29 11:29:51.503786"
            },
            "geometry": {
                "type": "Point",
                "coordinates": [
                    46.7079152,
                    24.68160187
                ]
            }
        },
        {
            "type": "Feature",
            "properties": {
                "created_at": "2021-08-29 11:25:32.525205"
            },
            "geometry": {
                "type": "Point",
                "coordinates": [
                    46.72820024,
                    24.66956243
                ]
            }
        },
        {
            "type": "Feature",
            "properties": {
                "created_at": "2021-08-29 11:29:52.902421"
            },
            "geometry": {
                "type": "Point",
                "coordinates": [
                    46.6419876,
                    24.7596665
                ]
            }
        },
        {
            "type": "Feature",
            "properties": {
                "created_at": "2021-08-29 11:25:34.020993"
            },
            "geometry": {
                "type": "Point",
                "coordinates": [
                    46.76246529,
                    24.69319358
                ]
            }
        },
        {
            "type": "Feature",
            "properties": {
                "created_at": "2021-08-29 11:29:54.304548"
            },
            "geometry": {
                "type": "Point",
                "coordinates": [
                    46.65344808,
                    24.75042433
                ]
            }
        },
        {
            "type": "Feature",
            "properties": {
                "created_at": "2021-08-29 11:29:56.725605"
            },
            "geometry": {
                "type": "Point",
                "coordinates": [
                    46.884678,
                    24.76
                ]
            }
        },
        {
            "type": "Feature",
            "properties": {
                "created_at": "2021-08-31 14:51:05.811093"
            },
            "geometry": {
                "type": "Point",
                "coordinates": [
                    46.66898465400555,
                    24.788227187316092
                ]
            }
        },
        {
            "type": "Feature",
            "properties": {
                "created_at": "2021-09-04 16:27:27.81083"
            },
            "geometry": {
                "type": "Point",
                "coordinates": [
                    46.7152,
                    24.6537
                ]
            }
        },
        {
            "type": "Feature",
            "properties": {
                "created_at": "2021-08-31 15:42:57.270288"
            },
            "geometry": {
                "type": "Point",
                "coordinates": [
                    46.686887563474,
                    24.615998186699
                ]
            }
        },
        {
            "type": "Feature",
            "properties": {
                "created_at": "2021-09-04 09:58:05.677092"
            },
            "geometry": {
                "type": "Point",
                "coordinates": [
                    46.855570929461,
                    24.769520905647
                ]
            }
        },
        {
            "type": "Feature",
            "properties": {
                "created_at": "2021-09-08 18:53:25.664973"
            },
            "geometry": {
                "type": "Point",
                "coordinates": [
                    46.671915059744,
                    24.72901641364
                ]
            }
        },
        {
            "type": "Feature",
            "properties": {
                "created_at": "2021-09-27 11:41:49.336007"
            },
            "geometry": {
                "type": "Point",
                "coordinates": [
                    46.653668,
                    24.750613
                ]
            }
        },
        {
            "type": "Feature",
            "properties": {
                "created_at": "2023-05-06 06:17:15.681099"
            },
            "geometry": {
                "type": "Point",
                "coordinates": [
                    45.1643872,
                    20.3922994
                ]
            }
        },
        {
            "type": "Feature",
            "properties": {
                "created_at": "2021-09-27 11:50:32.156161"
            },
            "geometry": {
                "type": "Point",
                "coordinates": [
                    46.697251237929,
                    24.768659386757
                ]
            }
        },
        {
            "type": "Feature",
            "properties": {
                "created_at": "2021-09-15 12:38:47.912533"
            },
            "geometry": {
                "type": "Point",
                "coordinates": [
                    46.78382381178,
                    24.69656130491
                ]
            }
        },
        {
            "type": "Feature",
            "properties": {
                "created_at": "2021-09-18 04:56:14.509456"
            },
            "geometry": {
                "type": "Point",
                "coordinates": [
                    46.59885688381346,
                    24.820209805304987
                ]
            }
        },
        {
            "type": "Feature",
            "properties": {
                "created_at": "2021-09-08 18:57:22.308764"
            },
            "geometry": {
                "type": "Point",
                "coordinates": [
                    46.721370514123,
                    24.803517277186
                ]
            }
        },
        {
            "type": "Feature",
            "properties": {
                "created_at": "2021-09-27 11:46:09.807579"
            },
            "geometry": {
                "type": "Point",
                "coordinates": [
                    46.633866112679,
                    24.740039388305
                ]
            }
        },
        {
            "type": "Feature",
            "properties": {
                "created_at": "2021-09-08 19:28:21.38524"
            },
            "geometry": {
                "type": "Point",
                "coordinates": [
                    46.800028421176094,
                    24.78014495374377
                ]
            }
        },
        {
            "type": "Feature",
            "properties": {
                "created_at": "2021-09-08 18:49:51.722749"
            },
            "geometry": {
                "type": "Point",
                "coordinates": [
                    46.696356721222,
                    24.798182375986
                ]
            }
        },
        {
            "type": "Feature",
            "properties": {
                "created_at": "2021-09-27 11:54:06.244859"
            },
            "geometry": {
                "type": "Point",
                "coordinates": [
                    46.6725919999999,
                    24.7132089999999
                ]
            }
        },
        {
            "type": "Feature",
            "properties": {
                "created_at": "2021-09-15 12:46:55.85721"
            },
            "geometry": {
                "type": "Point",
                "coordinates": [
                    46.568291148114,
                    24.621912086614
                ]
            }
        },
        {
            "type": "Feature",
            "properties": {
                "created_at": "2021-09-27 11:49:41.10316"
            },
            "geometry": {
                "type": "Point",
                "coordinates": [
                    46.644143,
                    24.782087
                ]
            }
        },
        {
            "type": "Feature",
            "properties": {
                "created_at": "2021-09-08 19:40:21.097512"
            },
            "geometry": {
                "type": "Point",
                "coordinates": [
                    46.599498040305,
                    24.578032681455
                ]
            }
        },
        {
            "type": "Feature",
            "properties": {
                "created_at": "2021-09-15 12:53:59.90369"
            },
            "geometry": {
                "type": "Point",
                "coordinates": [
                    46.704450741352,
                    24.757789444144
                ]
            }
        },
        {
            "type": "Feature",
            "properties": {
                "created_at": "2021-09-08 18:30:12.09666"
            },
            "geometry": {
                "type": "Point",
                "coordinates": [
                    46.756772707969,
                    24.755511349951
                ]
            }
        },
        {
            "type": "Feature",
            "properties": {
                "created_at": "2023-01-12 16:12:34.743847"
            },
            "geometry": {
                "type": "Point",
                "coordinates": [
                    46.69122315834876,
                    24.74417487433619
                ]
            }
        },
        {
            "type": "Feature",
            "properties": {
                "created_at": "2021-09-27 11:49:31.092349"
            },
            "geometry": {
                "type": "Point",
                "coordinates": [
                    46.67661331594,
                    24.712809693691
                ]
            }
        },
        {
            "type": "Feature",
            "properties": {
                "created_at": "2021-09-15 12:28:13.425928"
            },
            "geometry": {
                "type": "Point",
                "coordinates": [
                    46.788270608093,
                    24.844940471197
                ]
            }
        },
        {
            "type": "Feature",
            "properties": {
                "created_at": "2021-10-13 09:44:14.512692"
            },
            "geometry": {
                "type": "Point",
                "coordinates": [
                    46.6419803,
                    24.7799945
                ]
            }
        },
        {
            "type": "Feature",
            "properties": {
                "created_at": "2021-10-08 03:21:06.297757"
            },
            "geometry": {
                "type": "Point",
                "coordinates": [
                    46.704929731786,
                    24.783161266802
                ]
            }
        },
        {
            "type": "Feature",
            "properties": {
                "created_at": "2023-02-08 12:00:00"
            },
            "geometry": {
                "type": "Point",
                "coordinates": [
                    46.6510901,
                    24.7566877
                ]
            }
        },
        {
            "type": "Feature",
            "properties": {
                "created_at": "2021-09-15 12:32:06.288453"
            },
            "geometry": {
                "type": "Point",
                "coordinates": [
                    46.650893780388,
                    24.600776526826
                ]
            }
        },
        {
            "type": "Feature",
            "properties": {
                "created_at": "2021-10-10 06:29:47.430088"
            },
            "geometry": {
                "type": "Point",
                "coordinates": [
                    46.634475604882,
                    24.807973613405
                ]
            }
        },
        {
            "type": "Feature",
            "properties": {
                "created_at": "2021-10-04 09:49:00.573199"
            },
            "geometry": {
                "type": "Point",
                "coordinates": [
                    46.80648437,
                    24.70978889
                ]
            }
        },
        {
            "type": "Feature",
            "properties": {
                "created_at": "2021-09-13 10:44:58.434435"
            },
            "geometry": {
                "type": "Point",
                "coordinates": [
                    46.70115817791,
                    24.741676643813
                ]
            }
        },
        {
            "type": "Feature",
            "properties": {
                "created_at": "2021-09-13 10:44:54.284595"
            },
            "geometry": {
                "type": "Point",
                "coordinates": [
                    46.863357257098,
                    24.759191905711
                ]
            }
        },
        {
            "type": "Feature",
            "properties": {
                "created_at": "2021-09-13 10:44:56.943691"
            },
            "geometry": {
                "type": "Point",
                "coordinates": [
                    46.619687452912,
                    24.821743697187
                ]
            }
        },
        {
            "type": "Feature",
            "properties": {
                "created_at": "2021-09-27 11:45:19.860017"
            },
            "geometry": {
                "type": "Point",
                "coordinates": [
                    46.6325674,
                    24.7921273
                ]
            }
        },
        {
            "type": "Feature",
            "properties": {
                "created_at": "2021-09-27 11:58:27.67859"
            },
            "geometry": {
                "type": "Point",
                "coordinates": [
                    46.6895553,
                    24.9760332
                ]
            }
        },
        {
            "type": "Feature",
            "properties": {
                "created_at": "2021-09-18 04:48:48.23533"
            },
            "geometry": {
                "type": "Point",
                "coordinates": [
                    46.837902555071,
                    24.632438942669
                ]
            }
        },
        {
            "type": "Feature",
            "properties": {
                "created_at": "2021-09-27 11:54:00.88869"
            },
            "geometry": {
                "type": "Point",
                "coordinates": [
                    46.626499928534,
                    24.675136780751
                ]
            }
        },
        {
            "type": "Feature",
            "properties": {
                "created_at": "2021-09-27 11:58:25.965014"
            },
            "geometry": {
                "type": "Point",
                "coordinates": [
                    46.7135788500309,
                    24.8547095749731
                ]
            }
        },
        {
            "type": "Feature",
            "properties": {
                "created_at": "2021-10-04 09:22:22.741168"
            },
            "geometry": {
                "type": "Point",
                "coordinates": [
                    46.6354193,
                    24.740393
                ]
            }
        },
        {
            "type": "Feature",
            "properties": {
                "created_at": "2021-09-30 04:58:36.019942"
            },
            "geometry": {
                "type": "Point",
                "coordinates": [
                    46.631024969827,
                    24.708741976843
                ]
            }
        },
        {
            "type": "Feature",
            "properties": {
                "created_at": "2023-10-14 04:50:31.427093"
            },
            "geometry": {
                "type": "Point",
                "coordinates": [
                    46.774169430003774,
                    24.836284297438752
                ]
            }
        },
        {
            "type": "Feature",
            "properties": {
                "created_at": "2021-09-27 11:49:36.707619"
            },
            "geometry": {
                "type": "Point",
                "coordinates": [
                    46.703608240932,
                    24.763476197951
                ]
            }
        },
        {
            "type": "Feature",
            "properties": {
                "created_at": "2021-09-18 04:48:34.795265"
            },
            "geometry": {
                "type": "Point",
                "coordinates": [
                    46.899651941738,
                    24.790823938117
                ]
            }
        },
        {
            "type": "Feature",
            "properties": {
                "created_at": "2021-09-27 11:45:14.35439"
            },
            "geometry": {
                "type": "Point",
                "coordinates": [
                    46.710935706995,
                    24.683434333908
                ]
            }
        },
        {
            "type": "Feature",
            "properties": {
                "created_at": "2021-09-27 11:53:57.668483"
            },
            "geometry": {
                "type": "Point",
                "coordinates": [
                    46.687975320965,
                    24.6766629303595
                ]
            }
        },
        {
            "type": "Feature",
            "properties": {
                "created_at": "2021-09-27 11:58:22.109303"
            },
            "geometry": {
                "type": "Point",
                "coordinates": [
                    46.7140435,
                    24.6885633
                ]
            }
        },
        {
            "type": "Feature",
            "properties": {
                "created_at": "2021-09-27 11:45:11.251264"
            },
            "geometry": {
                "type": "Point",
                "coordinates": [
                    46.645051091909,
                    24.782455443684
                ]
            }
        },
        {
            "type": "Feature",
            "properties": {
                "created_at": "2023-06-11 12:38:42.349064"
            },
            "geometry": {
                "type": "Point",
                "coordinates": [
                    46.477802267238246,
                    24.559260414598953
                ]
            }
        },
        {
            "type": "Feature",
            "properties": {
                "created_at": "2021-09-27 11:45:09.70477"
            },
            "geometry": {
                "type": "Point",
                "coordinates": [
                    46.788139063865,
                    24.658810844697
                ]
            }
        },
        {
            "type": "Feature",
            "properties": {
                "created_at": "2021-09-27 11:58:19.191446"
            },
            "geometry": {
                "type": "Point",
                "coordinates": [
                    46.717649102211,
                    24.688161077619
                ]
            }
        },
        {
            "type": "Feature",
            "properties": {
                "created_at": "2021-09-27 11:53:51.681425"
            },
            "geometry": {
                "type": "Point",
                "coordinates": [
                    46.6769945,
                    24.705533
                ]
            }
        },
        {
            "type": "Feature",
            "properties": {
                "created_at": "2021-09-27 11:49:28.189915"
            },
            "geometry": {
                "type": "Point",
                "coordinates": [
                    46.625535674393,
                    24.683360430896
                ]
            }
        },
        {
            "type": "Feature",
            "properties": {
                "created_at": "2021-09-27 12:14:35.295419"
            },
            "geometry": {
                "type": "Point",
                "coordinates": [
                    46.691989079118,
                    24.715058337551
                ]
            }
        },
        {
            "type": "Feature",
            "properties": {
                "created_at": "2021-09-27 11:53:50.211717"
            },
            "geometry": {
                "type": "Point",
                "coordinates": [
                    46.657281629741,
                    24.739971466968
                ]
            }
        },
        {
            "type": "Feature",
            "properties": {
                "created_at": "2021-09-21 13:00:44.349292"
            },
            "geometry": {
                "type": "Point",
                "coordinates": [
                    50.18824768,
                    26.3439045
                ]
            }
        },
        {
            "type": "Feature",
            "properties": {
                "created_at": "2021-09-30 04:58:38.748429"
            },
            "geometry": {
                "type": "Point",
                "coordinates": [
                    46.695259933197,
                    24.797608956687
                ]
            }
        },
        {
            "type": "Feature",
            "properties": {
                "created_at": "2021-09-27 11:58:15.122933"
            },
            "geometry": {
                "type": "Point",
                "coordinates": [
                    46.659163869917,
                    24.725300104625
                ]
            }
        },
        {
            "type": "Feature",
            "properties": {
                "created_at": "2021-09-18 04:49:06.500384"
            },
            "geometry": {
                "type": "Point",
                "coordinates": [
                    46.618399169174,
                    24.601954131173
                ]
            }
        },
        {
            "type": "Feature",
            "properties": {
                "created_at": "2021-09-30 05:46:18.2966"
            },
            "geometry": {
                "type": "Point",
                "coordinates": [
                    46.740527520204,
                    24.794108632859
                ]
            }
        },
        {
            "type": "Feature",
            "properties": {
                "created_at": "2021-09-27 11:58:13.654208"
            },
            "geometry": {
                "type": "Point",
                "coordinates": [
                    46.656257864088,
                    24.737341765339
                ]
            }
        },
        {
            "type": "Feature",
            "properties": {
                "created_at": "2021-09-27 11:49:24.385127"
            },
            "geometry": {
                "type": "Point",
                "coordinates": [
                    46.72868,
                    24.788135
                ]
            }
        },
        {
            "type": "Feature",
            "properties": {
                "created_at": "2021-09-27 11:45:01.595693"
            },
            "geometry": {
                "type": "Point",
                "coordinates": [
                    46.6724368,
                    24.7127875
                ]
            }
        },
        {
            "type": "Feature",
            "properties": {
                "created_at": "2021-09-27 11:58:12.181802"
            },
            "geometry": {
                "type": "Point",
                "coordinates": [
                    46.65216229856,
                    24.836734142061
                ]
            }
        },
        {
            "type": "Feature",
            "properties": {
                "created_at": "2021-09-30 04:58:38.756476"
            },
            "geometry": {
                "type": "Point",
                "coordinates": [
                    46.630258956148,
                    24.581576695054
                ]
            }
        },
        {
            "type": "Feature",
            "properties": {
                "created_at": "2021-09-27 11:53:45.875768"
            },
            "geometry": {
                "type": "Point",
                "coordinates": [
                    46.73875104636,
                    24.684569244493
                ]
            }
        },
        {
            "type": "Feature",
            "properties": {
                "created_at": "2021-09-18 04:48:48.126459"
            },
            "geometry": {
                "type": "Point",
                "coordinates": [
                    46.707447600344,
                    24.539737743908
                ]
            }
        },
        {
            "type": "Feature",
            "properties": {
                "created_at": "2021-09-27 11:49:22.955977"
            },
            "geometry": {
                "type": "Point",
                "coordinates": [
                    46.644923,
                    24.781922
                ]
            }
        },
        {
            "type": "Feature",
            "properties": {
                "created_at": "2021-09-27 11:45:00.151239"
            },
            "geometry": {
                "type": "Point",
                "coordinates": [
                    46.653609853238,
                    24.750209802656
                ]
            }
        },
        {
            "type": "Feature",
            "properties": {
                "created_at": "2021-09-27 11:53:43.365796"
            },
            "geometry": {
                "type": "Point",
                "coordinates": [
                    46.62240922451,
                    24.672867975318
                ]
            }
        },
        {
            "type": "Feature",
            "properties": {
                "created_at": "2021-09-24 12:40:54.744956"
            },
            "geometry": {
                "type": "Point",
                "coordinates": [
                    50.03894043,
                    26.43472099
                ]
            }
        },
        {
            "type": "Feature",
            "properties": {
                "created_at": "2021-09-27 11:44:58.574501"
            },
            "geometry": {
                "type": "Point",
                "coordinates": [
                    46.6824692,
                    24.7767146
                ]
            }
        },
        {
            "type": "Feature",
            "properties": {
                "created_at": "2021-09-28 12:14:05.960484"
            },
            "geometry": {
                "type": "Point",
                "coordinates": [
                    46.707835905254,
                    24.732263017642
                ]
            }
        },
        {
            "type": "Feature",
            "properties": {
                "created_at": "2021-09-18 04:48:58.591791"
            },
            "geometry": {
                "type": "Point",
                "coordinates": [
                    46.710259122415,
                    24.734952343989
                ]
            }
        },
        {
            "type": "Feature",
            "properties": {
                "created_at": "2021-10-13 09:44:24.82362"
            },
            "geometry": {
                "type": "Point",
                "coordinates": [
                    46.622863356024,
                    24.824705017967
                ]
            }
        },
        {
            "type": "Feature",
            "properties": {
                "created_at": "2021-10-04 09:22:29.60169"
            },
            "geometry": {
                "type": "Point",
                "coordinates": [
                    46.63162731,
                    24.80183267
                ]
            }
        },
        {
            "type": "Feature",
            "properties": {
                "created_at": "2021-10-08 03:21:15.391805"
            },
            "geometry": {
                "type": "Point",
                "coordinates": [
                    46.635550707579,
                    24.742525856669
                ]
            }
        },
        {
            "type": "Feature",
            "properties": {
                "created_at": "2021-09-28 12:14:19.281278"
            },
            "geometry": {
                "type": "Point",
                "coordinates": [
                    46.6173003,
                    24.7947354
                ]
            }
        },
        {
            "type": "Feature",
            "properties": {
                "created_at": "2021-09-23 17:37:32.109913"
            },
            "geometry": {
                "type": "Point",
                "coordinates": [
                    46.80966205875967,
                    24.684634023927536
                ]
            }
        },
        {
            "type": "Feature",
            "properties": {
                "created_at": "2021-09-27 11:58:08.844846"
            },
            "geometry": {
                "type": "Point",
                "coordinates": [
                    46.7357932,
                    24.8565045
                ]
            }
        },
        {
            "type": "Feature",
            "properties": {
                "created_at": "2021-10-10 06:29:34.72907"
            },
            "geometry": {
                "type": "Point",
                "coordinates": [
                    46.704676797941,
                    24.800034278363
                ]
            }
        },
        {
            "type": "Feature",
            "properties": {
                "created_at": "2021-10-05 13:10:19.792445"
            },
            "geometry": {
                "type": "Point",
                "coordinates": [
                    46.83963394,
                    24.69477081
                ]
            }
        },
        {
            "type": "Feature",
            "properties": {
                "created_at": "2021-09-28 12:14:23.320525"
            },
            "geometry": {
                "type": "Point",
                "coordinates": [
                    46.6869275,
                    24.789795
                ]
            }
        },
        {
            "type": "Feature",
            "properties": {
                "created_at": "2021-09-18 04:49:03.95499"
            },
            "geometry": {
                "type": "Point",
                "coordinates": [
                    46.673220311623,
                    24.860637411501
                ]
            }
        },
        {
            "type": "Feature",
            "properties": {
                "created_at": "2021-10-13 09:44:27.409101"
            },
            "geometry": {
                "type": "Point",
                "coordinates": [
                    46.7674004,
                    24.7285828
                ]
            }
        },
        {
            "type": "Feature",
            "properties": {
                "created_at": "2021-10-08 03:21:20.125428"
            },
            "geometry": {
                "type": "Point",
                "coordinates": [
                    46.6683333,
                    24.7183729
                ]
            }
        },
        {
            "type": "Feature",
            "properties": {
                "created_at": "2021-09-27 11:53:41.939921"
            },
            "geometry": {
                "type": "Point",
                "coordinates": [
                    46.647074986249,
                    24.788037127669
                ]
            }
        },
        {
            "type": "Feature",
            "properties": {
                "created_at": "2021-09-15 12:53:39.159427"
            },
            "geometry": {
                "type": "Point",
                "coordinates": [
                    46.609079360019,
                    24.812588667252
                ]
            }
        },
        {
            "type": "Feature",
            "properties": {
                "created_at": "2023-05-03 07:01:32.900857"
            },
            "geometry": {
                "type": "Point",
                "coordinates": [
                    46.477802267238246,
                    24.559260414598953
                ]
            }
        },
        {
            "type": "Feature",
            "properties": {
                "created_at": "2021-09-19 18:46:13.55184"
            },
            "geometry": {
                "type": "Point",
                "coordinates": [
                    46.531523,
                    24.635644
                ]
            }
        },
        {
            "type": "Feature",
            "properties": {
                "created_at": "2021-09-19 18:39:00.734849"
            },
            "geometry": {
                "type": "Point",
                "coordinates": [
                    46.806240258301,
                    24.805838890808
                ]
            }
        },
        {
            "type": "Feature",
            "properties": {
                "created_at": "2021-09-28 12:14:41.152091"
            },
            "geometry": {
                "type": "Point",
                "coordinates": [
                    46.736375279725,
                    24.853331330313
                ]
            }
        },
        {
            "type": "Feature",
            "properties": {
                "created_at": "2021-09-23 14:12:59.185727"
            },
            "geometry": {
                "type": "Point",
                "coordinates": [
                    39.37595367,
                    21.48292732
                ]
            }
        },
        {
            "type": "Feature",
            "properties": {
                "created_at": "2021-09-28 12:14:44.439474"
            },
            "geometry": {
                "type": "Point",
                "coordinates": [
                    46.661459673196,
                    24.713813729409
                ]
            }
        },
        {
            "type": "Feature",
            "properties": {
                "created_at": "2024-03-27 08:18:41.05056"
            },
            "geometry": {
                "type": "Point",
                "coordinates": [
                    46.563351703043544,
                    24.756427993296462
                ]
            }
        },
        {
            "type": "Feature",
            "properties": {
                "created_at": "2022-11-20 04:15:16.979662"
            },
            "geometry": {
                "type": "Point",
                "coordinates": [
                    46.81256711483002,
                    24.68830467054772
                ]
            }
        },
        {
            "type": "Feature",
            "properties": {
                "created_at": "2021-10-13 09:44:28.716806"
            },
            "geometry": {
                "type": "Point",
                "coordinates": [
                    46.844787988812,
                    24.749128224046
                ]
            }
        },
        {
            "type": "Feature",
            "properties": {
                "created_at": "2021-10-08 03:21:21.366309"
            },
            "geometry": {
                "type": "Point",
                "coordinates": [
                    46.782397627831,
                    24.765953551486
                ]
            }
        },
        {
            "type": "Feature",
            "properties": {
                "created_at": "2021-10-04 09:22:43.965822"
            },
            "geometry": {
                "type": "Point",
                "coordinates": [
                    46.59028273,
                    24.80838409
                ]
            }
        },
        {
            "type": "Feature",
            "properties": {
                "created_at": "2021-09-27 12:10:17.874455"
            },
            "geometry": {
                "type": "Point",
                "coordinates": [
                    46.790770183863,
                    24.77465720165
                ]
            }
        },
        {
            "type": "Feature",
            "properties": {
                "created_at": "2021-09-15 12:54:27.35182"
            },
            "geometry": {
                "type": "Point",
                "coordinates": [
                    46.6726412,
                    24.7555546
                ]
            }
        },
        {
            "type": "Feature",
            "properties": {
                "created_at": "2021-09-28 12:14:49.908805"
            },
            "geometry": {
                "type": "Point",
                "coordinates": [
                    46.707915198058,
                    24.68160187368
                ]
            }
        },
        {
            "type": "Feature",
            "properties": {
                "created_at": "2021-09-19 18:39:37.787917"
            },
            "geometry": {
                "type": "Point",
                "coordinates": [
                    46.670077127924195,
                    24.595069189984034
                ]
            }
        },
        {
            "type": "Feature",
            "properties": {
                "created_at": "2021-10-20 10:24:45.171331"
            },
            "geometry": {
                "type": "Point",
                "coordinates": [
                    46.638189665973,
                    24.762329299296
                ]
            }
        },
        {
            "type": "Feature",
            "properties": {
                "created_at": "2021-10-05 13:53:12.177098"
            },
            "geometry": {
                "type": "Point",
                "coordinates": [
                    46.636818061997,
                    24.804010502337
                ]
            }
        },
        {
            "type": "Feature",
            "properties": {
                "created_at": "2021-10-08 03:21:24.077687"
            },
            "geometry": {
                "type": "Point",
                "coordinates": [
                    46.6245625,
                    24.6833125
                ]
            }
        },
        {
            "type": "Feature",
            "properties": {
                "created_at": "2021-09-27 11:45:45.244658"
            },
            "geometry": {
                "type": "Point",
                "coordinates": [
                    46.751503441483,
                    24.814925631636
                ]
            }
        },
        {
            "type": "Feature",
            "properties": {
                "created_at": "2023-06-11 12:59:08.307389"
            },
            "geometry": {
                "type": "Point",
                "coordinates": [
                    46.477802267238246,
                    24.559260414598953
                ]
            }
        },
        {
            "type": "Feature",
            "properties": {
                "created_at": "2024-04-23 16:01:52.139362"
            },
            "geometry": {
                "type": "Point",
                "coordinates": [
                    39.220386827401086,
                    21.603735624828406
                ]
            }
        },
        {
            "type": "Feature",
            "properties": {
                "created_at": "2021-09-30 06:14:44.316135"
            },
            "geometry": {
                "type": "Point",
                "coordinates": [
                    50.03539276,
                    26.42848015
                ]
            }
        },
        {
            "type": "Feature",
            "properties": {
                "created_at": "2021-09-28 12:08:31.174736"
            },
            "geometry": {
                "type": "Point",
                "coordinates": [
                    46.636268,
                    24.7414127
                ]
            }
        },
        {
            "type": "Feature",
            "properties": {
                "created_at": "2021-09-28 12:15:04.249886"
            },
            "geometry": {
                "type": "Point",
                "coordinates": [
                    46.6196908,
                    24.8215128
                ]
            }
        },
        {
            "type": "Feature",
            "properties": {
                "created_at": "2021-11-07 14:04:18.323801"
            },
            "geometry": {
                "type": "Point",
                "coordinates": [
                    39.20632553,
                    21.41544342
                ]
            }
        },
        {
            "type": "Feature",
            "properties": {
                "created_at": "2021-10-13 09:44:33.816738"
            },
            "geometry": {
                "type": "Point",
                "coordinates": [
                    46.703021004796,
                    24.687245602709
                ]
            }
        },
        {
            "type": "Feature",
            "properties": {
                "created_at": "2021-10-05 14:02:21.621937"
            },
            "geometry": {
                "type": "Point",
                "coordinates": [
                    46.72312545776367,
                    24.73290252685547
                ]
            }
        },
        {
            "type": "Feature",
            "properties": {
                "created_at": "2021-10-08 03:21:27.698547"
            },
            "geometry": {
                "type": "Point",
                "coordinates": [
                    46.746824495494,
                    24.71049290765
                ]
            }
        },
        {
            "type": "Feature",
            "properties": {
                "created_at": "2021-10-04 09:22:55.779618"
            },
            "geometry": {
                "type": "Point",
                "coordinates": [
                    46.70641568,
                    24.67903627
                ]
            }
        },
        {
            "type": "Feature",
            "properties": {
                "created_at": "2021-09-27 11:50:05.123014"
            },
            "geometry": {
                "type": "Point",
                "coordinates": [
                    46.641798410565,
                    24.762289115878
                ]
            }
        },
        {
            "type": "Feature",
            "properties": {
                "created_at": "2021-09-28 12:15:09.636128"
            },
            "geometry": {
                "type": "Point",
                "coordinates": [
                    46.676134038717,
                    24.713493158136
                ]
            }
        },
        {
            "type": "Feature",
            "properties": {
                "created_at": "2021-09-27 11:45:43.777524"
            },
            "geometry": {
                "type": "Point",
                "coordinates": [
                    46.6510901,
                    24.7566877
                ]
            }
        },
        {
            "type": "Feature",
            "properties": {
                "created_at": "2021-10-04 09:23:03.430575"
            },
            "geometry": {
                "type": "Point",
                "coordinates": [
                    46.6308213,
                    24.7398748
                ]
            }
        },
        {
            "type": "Feature",
            "properties": {
                "created_at": "2021-09-27 11:50:03.676323"
            },
            "geometry": {
                "type": "Point",
                "coordinates": [
                    46.638009622693,
                    24.81718321423
                ]
            }
        },
        {
            "type": "Feature",
            "properties": {
                "created_at": "2021-09-27 11:48:50.803242"
            },
            "geometry": {
                "type": "Point",
                "coordinates": [
                    46.7718469,
                    24.7491829
                ]
            }
        },
        {
            "type": "Feature",
            "properties": {
                "created_at": "2021-09-27 11:49:15.856073"
            },
            "geometry": {
                "type": "Point",
                "coordinates": [
                    46.753074042499,
                    24.835459112845
                ]
            }
        },
        {
            "type": "Feature",
            "properties": {
                "created_at": "2021-09-27 11:44:53.201606"
            },
            "geometry": {
                "type": "Point",
                "coordinates": [
                    46.580710597336,
                    24.642838924599
                ]
            }
        },
        {
            "type": "Feature",
            "properties": {
                "created_at": "2021-09-24 14:44:54.409357"
            },
            "geometry": {
                "type": "Point",
                "coordinates": [
                    39.23064423,
                    21.6502037
                ]
            }
        },
        {
            "type": "Feature",
            "properties": {
                "created_at": "2021-09-27 11:58:03.448908"
            },
            "geometry": {
                "type": "Point",
                "coordinates": [
                    46.738050989807,
                    24.681267365093
                ]
            }
        },
        {
            "type": "Feature",
            "properties": {
                "created_at": "2021-09-27 11:53:35.195794"
            },
            "geometry": {
                "type": "Point",
                "coordinates": [
                    46.673186123371,
                    24.718169268775
                ]
            }
        },
        {
            "type": "Feature",
            "properties": {
                "created_at": "2021-09-27 12:15:43.700295"
            },
            "geometry": {
                "type": "Point",
                "coordinates": [
                    46.6435591,
                    24.7766038
                ]
            }
        },
        {
            "type": "Feature",
            "properties": {
                "created_at": "2021-09-28 12:27:23.186135"
            },
            "geometry": {
                "type": "Point",
                "coordinates": [
                    46.726030670106,
                    24.684789493815
                ]
            }
        },
        {
            "type": "Feature",
            "properties": {
                "created_at": "2021-09-27 11:49:11.483902"
            },
            "geometry": {
                "type": "Point",
                "coordinates": [
                    46.7180799,
                    24.8065201
                ]
            }
        },
        {
            "type": "Feature",
            "properties": {
                "created_at": "2021-09-19 12:25:56.226871"
            },
            "geometry": {
                "type": "Point",
                "coordinates": [
                    46.777587890625,
                    24.70743751525879
                ]
            }
        },
        {
            "type": "Feature",
            "properties": {
                "created_at": "2021-10-10 06:29:37.090468"
            },
            "geometry": {
                "type": "Point",
                "coordinates": [
                    46.647701955028,
                    24.813254155013
                ]
            }
        },
        {
            "type": "Feature",
            "properties": {
                "created_at": "2021-10-20 10:24:56.247661"
            },
            "geometry": {
                "type": "Point",
                "coordinates": [
                    46.638308186084,
                    24.762423831366
                ]
            }
        },
        {
            "type": "Feature",
            "properties": {
                "created_at": "2021-10-08 03:21:31.767757"
            },
            "geometry": {
                "type": "Point",
                "coordinates": [
                    46.7669405,
                    24.8558026
                ]
            }
        },
        {
            "type": "Feature",
            "properties": {
                "created_at": "2021-09-19 15:56:42.363364"
            },
            "geometry": {
                "type": "Point",
                "coordinates": [
                    39.26011658,
                    21.40627098
                ]
            }
        },
        {
            "type": "Feature",
            "properties": {
                "created_at": "2021-09-28 12:15:18.98641"
            },
            "geometry": {
                "type": "Point",
                "coordinates": [
                    46.633761674166,
                    24.73768365059
                ]
            }
        },
        {
            "type": "Feature",
            "properties": {
                "created_at": "2022-02-06 11:06:43.614415"
            },
            "geometry": {
                "type": "Point",
                "coordinates": [
                    46.718228,
                    24.653045
                ]
            }
        },
        {
            "type": "Feature",
            "properties": {
                "created_at": "2021-09-27 11:58:00.321974"
            },
            "geometry": {
                "type": "Point",
                "coordinates": [
                    46.70115817791,
                    24.741676643813
                ]
            }
        },
        {
            "type": "Feature",
            "properties": {
                "created_at": "2021-09-18 04:48:51.455956"
            },
            "geometry": {
                "type": "Point",
                "coordinates": [
                    46.746719563587,
                    24.711588006131
                ]
            }
        },
        {
            "type": "Feature",
            "properties": {
                "created_at": "2021-09-19 15:26:41.051123"
            },
            "geometry": {
                "type": "Point",
                "coordinates": [
                    46.75178561904,
                    24.622741997913
                ]
            }
        },
        {
            "type": "Feature",
            "properties": {
                "created_at": "2021-09-28 12:15:22.013906"
            },
            "geometry": {
                "type": "Point",
                "coordinates": [
                    46.763317231089,
                    24.781652711876
                ]
            }
        },
        {
            "type": "Feature",
            "properties": {
                "created_at": "2023-03-08 13:53:30.595651"
            },
            "geometry": {
                "type": "Point",
                "coordinates": [
                    46.477802267238246,
                    24.559260414598953
                ]
            }
        },
        {
            "type": "Feature",
            "properties": {
                "created_at": "2021-09-27 11:44:47.86201"
            },
            "geometry": {
                "type": "Point",
                "coordinates": [
                    46.6724368,
                    24.7127875
                ]
            }
        },
        {
            "type": "Feature",
            "properties": {
                "created_at": "2021-09-27 11:44:46.436402"
            },
            "geometry": {
                "type": "Point",
                "coordinates": [
                    46.526606753469,
                    24.632837987919
                ]
            }
        },
        {
            "type": "Feature",
            "properties": {
                "created_at": "2021-09-27 11:57:56.434673"
            },
            "geometry": {
                "type": "Point",
                "coordinates": [
                    46.748003661633,
                    24.69479920394
                ]
            }
        },
        {
            "type": "Feature",
            "properties": {
                "created_at": "2021-09-27 11:44:44.937552"
            },
            "geometry": {
                "type": "Point",
                "coordinates": [
                    46.638316903263,
                    24.740827815805
                ]
            }
        },
        {
            "type": "Feature",
            "properties": {
                "created_at": "2021-09-15 12:32:12.412573"
            },
            "geometry": {
                "type": "Point",
                "coordinates": [
                    46.713918059652,
                    24.741871506867
                ]
            }
        },
        {
            "type": "Feature",
            "properties": {
                "created_at": "2021-09-19 12:22:19.501181"
            },
            "geometry": {
                "type": "Point",
                "coordinates": [
                    46.61671447753906,
                    24.75908851623535
                ]
            }
        },
        {
            "type": "Feature",
            "properties": {
                "created_at": "2021-09-27 11:57:55.029106"
            },
            "geometry": {
                "type": "Point",
                "coordinates": [
                    46.704071257263,
                    24.748062926004
                ]
            }
        },
        {
            "type": "Feature",
            "properties": {
                "created_at": "2021-09-27 11:53:29.158234"
            },
            "geometry": {
                "type": "Point",
                "coordinates": [
                    46.645051091909,
                    24.782455443684
                ]
            }
        },
        {
            "type": "Feature",
            "properties": {
                "created_at": "2021-09-18 04:48:54.414994"
            },
            "geometry": {
                "type": "Point",
                "coordinates": [
                    46.652721201086,
                    24.81198250253
                ]
            }
        },
        {
            "type": "Feature",
            "properties": {
                "created_at": "2021-09-27 11:49:06.017686"
            },
            "geometry": {
                "type": "Point",
                "coordinates": [
                    46.656437907368,
                    24.745039309025
                ]
            }
        },
        {
            "type": "Feature",
            "properties": {
                "created_at": "2024-03-25 11:26:57.473006"
            },
            "geometry": {
                "type": "Point",
                "coordinates": [
                    46.7677283,
                    24.8316931
                ]
            }
        },
        {
            "type": "Feature",
            "properties": {
                "created_at": "2021-09-19 15:51:38.30812"
            },
            "geometry": {
                "type": "Point",
                "coordinates": [
                    46.790870862883,
                    24.661542075703
                ]
            }
        },
        {
            "type": "Feature",
            "properties": {
                "created_at": "2021-09-15 12:05:19.250528"
            },
            "geometry": {
                "type": "Point",
                "coordinates": [
                    46.765753845776,
                    24.696052287162
                ]
            }
        },
        {
            "type": "Feature",
            "properties": {
                "created_at": "2022-09-19 15:27:48"
            },
            "geometry": {
                "type": "Point",
                "coordinates": [
                    46.6510901,
                    24.7566877
                ]
            }
        },
        {
            "type": "Feature",
            "properties": {
                "created_at": "2021-09-18 04:48:37.663296"
            },
            "geometry": {
                "type": "Point",
                "coordinates": [
                    46.621553765903,
                    24.581621464186
                ]
            }
        },
        {
            "type": "Feature",
            "properties": {
                "created_at": "2021-09-15 13:03:42.14299"
            },
            "geometry": {
                "type": "Point",
                "coordinates": [
                    46.76955260058621,
                    24.760401905079803
                ]
            }
        },
        {
            "type": "Feature",
            "properties": {
                "created_at": "2021-09-27 11:44:43.429613"
            },
            "geometry": {
                "type": "Point",
                "coordinates": [
                    46.8000384,
                    24.6936578
                ]
            }
        },
        {
            "type": "Feature",
            "properties": {
                "created_at": "2024-02-12 04:14:31.604034"
            },
            "geometry": {
                "type": "Point",
                "coordinates": [
                    46.7333436,
                    24.7891094
                ]
            }
        },
        {
            "type": "Feature",
            "properties": {
                "created_at": "2021-09-18 10:50:39.21988"
            },
            "geometry": {
                "type": "Point",
                "coordinates": [
                    46.759845132218,
                    24.686856803465
                ]
            }
        },
        {
            "type": "Feature",
            "properties": {
                "created_at": "2023-05-08 14:12:55.788914"
            },
            "geometry": {
                "type": "Point",
                "coordinates": [
                    46.477802267238246,
                    24.559260414598953
                ]
            }
        },
        {
            "type": "Feature",
            "properties": {
                "created_at": "2021-09-27 11:49:04.489212"
            },
            "geometry": {
                "type": "Point",
                "coordinates": [
                    46.635367646813,
                    24.78322595176
                ]
            }
        },
        {
            "type": "Feature",
            "properties": {
                "created_at": "2021-09-27 11:44:41.906733"
            },
            "geometry": {
                "type": "Point",
                "coordinates": [
                    46.6400119,
                    24.7387186
                ]
            }
        },
        {
            "type": "Feature",
            "properties": {
                "created_at": "2021-10-25 11:11:21.078444"
            },
            "geometry": {
                "type": "Point",
                "coordinates": [
                    46.6726953,
                    24.5903985
                ]
            }
        },
        {
            "type": "Feature",
            "properties": {
                "created_at": "2023-04-13 03:50:12.253678"
            },
            "geometry": {
                "type": "Point",
                "coordinates": [
                    46.6876349,
                    24.5872148
                ]
            }
        },
        {
            "type": "Feature",
            "properties": {
                "created_at": "2021-09-27 11:57:51.855565"
            },
            "geometry": {
                "type": "Point",
                "coordinates": [
                    46.6578029,
                    24.7392818
                ]
            }
        },
        {
            "type": "Feature",
            "properties": {
                "created_at": "2021-09-27 11:57:49.374385"
            },
            "geometry": {
                "type": "Point",
                "coordinates": [
                    46.601859983057,
                    24.734479337449
                ]
            }
        },
        {
            "type": "Feature",
            "properties": {
                "created_at": "2021-09-27 11:49:01.551687"
            },
            "geometry": {
                "type": "Point",
                "coordinates": [
                    46.631242063161,
                    24.711374536737
                ]
            }
        },
        {
            "type": "Feature",
            "properties": {
                "created_at": "2023-05-09 13:19:29.130077"
            },
            "geometry": {
                "type": "Point",
                "coordinates": [
                    46.477802267238246,
                    24.559260414598953
                ]
            }
        },
        {
            "type": "Feature",
            "properties": {
                "created_at": "2021-09-15 12:12:10.913014"
            },
            "geometry": {
                "type": "Point",
                "coordinates": [
                    46.673680695,
                    24.768168921738
                ]
            }
        },
        {
            "type": "Feature",
            "properties": {
                "created_at": "2021-09-27 11:44:37.790076"
            },
            "geometry": {
                "type": "Point",
                "coordinates": [
                    46.5766662,
                    24.7679045
                ]
            }
        },
        {
            "type": "Feature",
            "properties": {
                "created_at": "2024-03-24 10:49:01.779469"
            },
            "geometry": {
                "type": "Point",
                "coordinates": [
                    39.2414605,
                    21.5715
                ]
            }
        },
        {
            "type": "Feature",
            "properties": {
                "created_at": "2021-09-27 11:44:36.161138"
            },
            "geometry": {
                "type": "Point",
                "coordinates": [
                    46.5766662,
                    24.7679045
                ]
            }
        },
        {
            "type": "Feature",
            "properties": {
                "created_at": "2021-09-27 11:57:46.205509"
            },
            "geometry": {
                "type": "Point",
                "coordinates": [
                    46.6308213,
                    24.7398748
                ]
            }
        },
        {
            "type": "Feature",
            "properties": {
                "created_at": "2021-09-27 11:48:57.697869"
            },
            "geometry": {
                "type": "Point",
                "coordinates": [
                    46.713240221143,
                    24.739326086825
                ]
            }
        },
        {
            "type": "Feature",
            "properties": {
                "created_at": "2023-10-14 04:50:55.341287"
            },
            "geometry": {
                "type": "Point",
                "coordinates": [
                    46.8335656602224,
                    24.70734533369784
                ]
            }
        },
        {
            "type": "Feature",
            "properties": {
                "created_at": "2021-09-18 04:48:53.338265"
            },
            "geometry": {
                "type": "Point",
                "coordinates": [
                    46.645515378267,
                    24.795314448454
                ]
            }
        },
        {
            "type": "Feature",
            "properties": {
                "created_at": "2021-09-30 06:14:25.208993"
            },
            "geometry": {
                "type": "Point",
                "coordinates": [
                    50.03643036,
                    26.43169212
                ]
            }
        },
        {
            "type": "Feature",
            "properties": {
                "created_at": "2021-09-27 11:44:34.73947"
            },
            "geometry": {
                "type": "Point",
                "coordinates": [
                    46.634033918381,
                    24.740204733951
                ]
            }
        },
        {
            "type": "Feature",
            "properties": {
                "created_at": "2021-09-27 11:48:56.23965"
            },
            "geometry": {
                "type": "Point",
                "coordinates": [
                    46.810632068664,
                    24.701074383999
                ]
            }
        },
        {
            "type": "Feature",
            "properties": {
                "created_at": "2021-09-27 11:44:33.267559"
            },
            "geometry": {
                "type": "Point",
                "coordinates": [
                    46.635050810874,
                    24.741909019689
                ]
            }
        },
        {
            "type": "Feature",
            "properties": {
                "created_at": "2021-09-27 12:16:52.839942"
            },
            "geometry": {
                "type": "Point",
                "coordinates": [
                    46.670392937958,
                    24.711202694325
                ]
            }
        },
        {
            "type": "Feature",
            "properties": {
                "created_at": "2022-01-13 09:18:06.843725"
            },
            "geometry": {
                "type": "Point",
                "coordinates": [
                    46.63713539,
                    24.73796339
                ]
            }
        },
        {
            "type": "Feature",
            "properties": {
                "created_at": "2021-10-04 09:23:23.944739"
            },
            "geometry": {
                "type": "Point",
                "coordinates": [
                    46.7140435,
                    24.6885633
                ]
            }
        },
        {
            "type": "Feature",
            "properties": {
                "created_at": "2021-09-27 11:53:17.023995"
            },
            "geometry": {
                "type": "Point",
                "coordinates": [
                    46.6435591,
                    24.7766038
                ]
            }
        },
        {
            "type": "Feature",
            "properties": {
                "created_at": "2021-09-27 11:48:54.71802"
            },
            "geometry": {
                "type": "Point",
                "coordinates": [
                    46.774807646871,
                    24.721424897794
                ]
            }
        },
        {
            "type": "Feature",
            "properties": {
                "created_at": "2021-09-27 11:44:30.720551"
            },
            "geometry": {
                "type": "Point",
                "coordinates": [
                    46.6801643,
                    24.6714401
                ]
            }
        },
        {
            "type": "Feature",
            "properties": {
                "created_at": "2021-09-30 05:59:24.525549"
            },
            "geometry": {
                "type": "Point",
                "coordinates": [
                    46.66259766,
                    24.59021378
                ]
            }
        },
        {
            "type": "Feature",
            "properties": {
                "created_at": "2022-01-13 08:48:07.091203"
            },
            "geometry": {
                "type": "Point",
                "coordinates": [
                    46.70395089,
                    24.66215741
                ]
            }
        },
        {
            "type": "Feature",
            "properties": {
                "created_at": "2021-10-10 06:29:45.099408"
            },
            "geometry": {
                "type": "Point",
                "coordinates": [
                    46.675800132137,
                    24.851657265041
                ]
            }
        },
        {
            "type": "Feature",
            "properties": {
                "created_at": "2021-09-27 10:08:18.209226"
            },
            "geometry": {
                "type": "Point",
                "coordinates": [
                    46.67657937651,
                    24.720300315741
                ]
            }
        },
        {
            "type": "Feature",
            "properties": {
                "created_at": "2021-09-27 11:57:40.620093"
            },
            "geometry": {
                "type": "Point",
                "coordinates": [
                    46.7669405,
                    24.8558026
                ]
            }
        },
        {
            "type": "Feature",
            "properties": {
                "created_at": "2021-09-27 11:53:15.301515"
            },
            "geometry": {
                "type": "Point",
                "coordinates": [
                    46.68260872364,
                    24.704446104608
                ]
            }
        },
        {
            "type": "Feature",
            "properties": {
                "created_at": "2022-05-31 16:44:50"
            },
            "geometry": {
                "type": "Point",
                "coordinates": [
                    46.702841,
                    24.688535
                ]
            }
        },
        {
            "type": "Feature",
            "properties": {
                "created_at": "2021-09-27 11:44:29.222708"
            },
            "geometry": {
                "type": "Point",
                "coordinates": [
                    46.706415675581,
                    24.679036266615
                ]
            }
        },
        {
            "type": "Feature",
            "properties": {
                "created_at": "2021-09-18 04:48:57.772108"
            },
            "geometry": {
                "type": "Point",
                "coordinates": [
                    46.815466622423,
                    24.809412831887
                ]
            }
        },
        {
            "type": "Feature",
            "properties": {
                "created_at": "2021-09-28 12:15:27.447804"
            },
            "geometry": {
                "type": "Point",
                "coordinates": [
                    46.652399,
                    24.824918
                ]
            }
        },
        {
            "type": "Feature",
            "properties": {
                "created_at": "2021-09-27 11:44:27.530795"
            },
            "geometry": {
                "type": "Point",
                "coordinates": [
                    46.575241573155,
                    24.766929260733
                ]
            }
        },
        {
            "type": "Feature",
            "properties": {
                "created_at": "2021-09-27 11:57:37.727538"
            },
            "geometry": {
                "type": "Point",
                "coordinates": [
                    46.625403,
                    24.6842565
                ]
            }
        },
        {
            "type": "Feature",
            "properties": {
                "created_at": "2021-09-27 11:44:26.057253"
            },
            "geometry": {
                "type": "Point",
                "coordinates": [
                    46.788790673018,
                    24.657501278972
                ]
            }
        },
        {
            "type": "Feature",
            "properties": {
                "created_at": "2022-01-13 08:41:28.445193"
            },
            "geometry": {
                "type": "Point",
                "coordinates": [
                    46.67494901,
                    24.67296894
                ]
            }
        },
        {
            "type": "Feature",
            "properties": {
                "created_at": "2021-09-25 04:27:32.755623"
            },
            "geometry": {
                "type": "Point",
                "coordinates": [
                    46.8357378,
                    24.7471786
                ]
            }
        },
        {
            "type": "Feature",
            "properties": {
                "created_at": "2023-10-14 04:50:49.388579"
            },
            "geometry": {
                "type": "Point",
                "coordinates": [
                    46.62902311026443,
                    24.567342668050955
                ]
            }
        },
        {
            "type": "Feature",
            "properties": {
                "created_at": "2021-09-27 11:53:09.914622"
            },
            "geometry": {
                "type": "Point",
                "coordinates": [
                    46.6218429,
                    24.7131974
                ]
            }
        },
        {
            "type": "Feature",
            "properties": {
                "created_at": "2022-01-09 17:01:29.350599"
            },
            "geometry": {
                "type": "Point",
                "coordinates": [
                    46.8194551,
                    24.786153
                ]
            }
        },
        {
            "type": "Feature",
            "properties": {
                "created_at": "2022-11-09 12:47:26.949446"
            },
            "geometry": {
                "type": "Point",
                "coordinates": [
                    46.555969,
                    24.583237
                ]
            }
        },
        {
            "type": "Feature",
            "properties": {
                "created_at": "2021-10-04 09:23:29.472873"
            },
            "geometry": {
                "type": "Point",
                "coordinates": [
                    46.64170571,
                    24.75976003
                ]
            }
        },
        {
            "type": "Feature",
            "properties": {
                "created_at": "2023-05-03 07:10:55.975945"
            },
            "geometry": {
                "type": "Point",
                "coordinates": [
                    46.477802267238246,
                    24.559260414598953
                ]
            }
        },
        {
            "type": "Feature",
            "properties": {
                "created_at": "2021-09-27 11:48:47.764744"
            },
            "geometry": {
                "type": "Point",
                "coordinates": [
                    46.6895553,
                    24.9760332
                ]
            }
        },
        {
            "type": "Feature",
            "properties": {
                "created_at": "2021-09-27 11:44:24.312668"
            },
            "geometry": {
                "type": "Point",
                "coordinates": [
                    46.6514622,
                    24.7966581
                ]
            }
        },
        {
            "type": "Feature",
            "properties": {
                "created_at": "2021-09-27 11:52:46.586716"
            },
            "geometry": {
                "type": "Point",
                "coordinates": [
                    46.6895553,
                    24.9760332
                ]
            }
        },
        {
            "type": "Feature",
            "properties": {
                "created_at": "2021-09-27 12:17:29.797746"
            },
            "geometry": {
                "type": "Point",
                "coordinates": [
                    46.649866983365,
                    24.796489006727
                ]
            }
        },
        {
            "type": "Feature",
            "properties": {
                "created_at": "2021-09-27 11:44:00.344239"
            },
            "geometry": {
                "type": "Point",
                "coordinates": [
                    46.70183647424,
                    24.740837178359
                ]
            }
        },
        {
            "type": "Feature",
            "properties": {
                "created_at": "2021-09-27 11:48:22.027985"
            },
            "geometry": {
                "type": "Point",
                "coordinates": [
                    46.67505344376,
                    24.70670522522
                ]
            }
        },
        {
            "type": "Feature",
            "properties": {
                "created_at": "2021-10-04 09:23:32.654953"
            },
            "geometry": {
                "type": "Point",
                "coordinates": [
                    46.71212342,
                    24.85392821
                ]
            }
        },
        {
            "type": "Feature",
            "properties": {
                "created_at": "2024-02-12 04:14:32.710464"
            },
            "geometry": {
                "type": "Point",
                "coordinates": [
                    46.7333436,
                    24.7891094
                ]
            }
        },
        {
            "type": "Feature",
            "properties": {
                "created_at": "2023-05-03 07:02:05.565151"
            },
            "geometry": {
                "type": "Point",
                "coordinates": [
                    46.477802267238246,
                    24.559260414598953
                ]
            }
        },
        {
            "type": "Feature",
            "properties": {
                "created_at": "2021-09-27 11:43:58.896862"
            },
            "geometry": {
                "type": "Point",
                "coordinates": [
                    46.692023612559,
                    24.765033680023
                ]
            }
        },
        {
            "type": "Feature",
            "properties": {
                "created_at": "2021-09-27 11:52:42.125098"
            },
            "geometry": {
                "type": "Point",
                "coordinates": [
                    46.6789938,
                    24.7080757
                ]
            }
        },
        {
            "type": "Feature",
            "properties": {
                "created_at": "2021-09-27 11:48:20.522942"
            },
            "geometry": {
                "type": "Point",
                "coordinates": [
                    46.6957236,
                    24.7808275
                ]
            }
        },
        {
            "type": "Feature",
            "properties": {
                "created_at": "2021-09-27 11:57:06.767504"
            },
            "geometry": {
                "type": "Point",
                "coordinates": [
                    46.6377586,
                    24.8171908
                ]
            }
        },
        {
            "type": "Feature",
            "properties": {
                "created_at": "2021-09-27 11:52:40.500858"
            },
            "geometry": {
                "type": "Point",
                "coordinates": [
                    46.7669405,
                    24.8558026
                ]
            }
        },
        {
            "type": "Feature",
            "properties": {
                "created_at": "2021-09-27 11:48:16.552657"
            },
            "geometry": {
                "type": "Point",
                "coordinates": [
                    46.70795001477,
                    24.680585211903
                ]
            }
        },
        {
            "type": "Feature",
            "properties": {
                "created_at": "2021-09-27 11:43:53.278708"
            },
            "geometry": {
                "type": "Point",
                "coordinates": [
                    46.7339241,
                    24.6824066
                ]
            }
        },
        {
            "type": "Feature",
            "properties": {
                "created_at": "2021-09-27 11:52:37.339507"
            },
            "geometry": {
                "type": "Point",
                "coordinates": [
                    46.780389,
                    24.729944
                ]
            }
        },
        {
            "type": "Feature",
            "properties": {
                "created_at": "2021-09-27 11:48:15.119652"
            },
            "geometry": {
                "type": "Point",
                "coordinates": [
                    46.7094582936356,
                    24.6883653131989
                ]
            }
        },
        {
            "type": "Feature",
            "properties": {
                "created_at": "2021-09-30 04:58:41.541691"
            },
            "geometry": {
                "type": "Point",
                "coordinates": [
                    46.660805999579,
                    24.787963360966
                ]
            }
        },
        {
            "type": "Feature",
            "properties": {
                "created_at": "2021-09-27 11:57:01.002573"
            },
            "geometry": {
                "type": "Point",
                "coordinates": [
                    46.62541044876,
                    24.673584244681
                ]
            }
        },
        {
            "type": "Feature",
            "properties": {
                "created_at": "2021-09-27 12:15:42.198442"
            },
            "geometry": {
                "type": "Point",
                "coordinates": [
                    46.691300421953,
                    24.775122483929
                ]
            }
        },
        {
            "type": "Feature",
            "properties": {
                "created_at": "2021-10-04 09:23:36.657273"
            },
            "geometry": {
                "type": "Point",
                "coordinates": [
                    46.6724368,
                    24.7127875
                ]
            }
        },
        {
            "type": "Feature",
            "properties": {
                "created_at": "2021-09-21 07:32:48.693614"
            },
            "geometry": {
                "type": "Point",
                "coordinates": [
                    39.24302292,
                    21.46014023
                ]
            }
        },
        {
            "type": "Feature",
            "properties": {
                "created_at": "2021-09-27 11:52:33.391033"
            },
            "geometry": {
                "type": "Point",
                "coordinates": [
                    46.6196908,
                    24.8215128
                ]
            }
        },
        {
            "type": "Feature",
            "properties": {
                "created_at": "2021-09-18 04:48:51.048721"
            },
            "geometry": {
                "type": "Point",
                "coordinates": [
                    46.800658881988,
                    24.722459730715
                ]
            }
        },
        {
            "type": "Feature",
            "properties": {
                "created_at": "2021-09-12 16:34:48.21724"
            },
            "geometry": {
                "type": "Point",
                "coordinates": [
                    46.77230823480741,
                    24.76398468349417
                ]
            }
        },
        {
            "type": "Feature",
            "properties": {
                "created_at": "2021-09-13 10:41:00.903361"
            },
            "geometry": {
                "type": "Point",
                "coordinates": [
                    46.6761044,
                    24.8396847
                ]
            }
        },
        {
            "type": "Feature",
            "properties": {
                "created_at": "2021-09-27 09:29:42.990613"
            },
            "geometry": {
                "type": "Point",
                "coordinates": [
                    49.9950676,
                    26.45427132
                ]
            }
        },
        {
            "type": "Feature",
            "properties": {
                "created_at": "2021-09-27 11:52:31.947388"
            },
            "geometry": {
                "type": "Point",
                "coordinates": [
                    46.704855,
                    24.6767358
                ]
            }
        },
        {
            "type": "Feature",
            "properties": {
                "created_at": "2021-09-27 11:48:10.677396"
            },
            "geometry": {
                "type": "Point",
                "coordinates": [
                    46.672653201967,
                    24.713094123937
                ]
            }
        },
        {
            "type": "Feature",
            "properties": {
                "created_at": "2021-10-04 09:23:38.159106"
            },
            "geometry": {
                "type": "Point",
                "coordinates": [
                    46.71357885,
                    24.85470957
                ]
            }
        },
        {
            "type": "Feature",
            "properties": {
                "created_at": "2021-09-27 11:43:46.380171"
            },
            "geometry": {
                "type": "Point",
                "coordinates": [
                    46.6394729,
                    24.8280801
                ]
            }
        },
        {
            "type": "Feature",
            "properties": {
                "created_at": "2021-09-12 16:35:43.870868"
            },
            "geometry": {
                "type": "Point",
                "coordinates": [
                    46.756079369855,
                    24.817133677966
                ]
            }
        },
        {
            "type": "Feature",
            "properties": {
                "created_at": "2021-09-27 11:56:56.825381"
            },
            "geometry": {
                "type": "Point",
                "coordinates": [
                    46.590594034642,
                    24.808564312582
                ]
            }
        },
        {
            "type": "Feature",
            "properties": {
                "created_at": "2021-09-27 11:48:08.249168"
            },
            "geometry": {
                "type": "Point",
                "coordinates": [
                    46.63734074682,
                    24.789094747287
                ]
            }
        },
        {
            "type": "Feature",
            "properties": {
                "created_at": "2021-09-18 10:54:25.798711"
            },
            "geometry": {
                "type": "Point",
                "coordinates": [
                    46.756402734162,
                    24.61083929489
                ]
            }
        },
        {
            "type": "Feature",
            "properties": {
                "created_at": "2021-09-27 11:56:55.323953"
            },
            "geometry": {
                "type": "Point",
                "coordinates": [
                    46.70674726367,
                    24.651467671962
                ]
            }
        },
        {
            "type": "Feature",
            "properties": {
                "created_at": "2021-09-27 11:52:29.061377"
            },
            "geometry": {
                "type": "Point",
                "coordinates": [
                    46.6632918,
                    24.7997202
                ]
            }
        },
        {
            "type": "Feature",
            "properties": {
                "created_at": "2021-09-27 11:43:43.207114"
            },
            "geometry": {
                "type": "Point",
                "coordinates": [
                    46.6795742,
                    24.7073769
                ]
            }
        },
        {
            "type": "Feature",
            "properties": {
                "created_at": "2021-09-27 11:56:53.710541"
            },
            "geometry": {
                "type": "Point",
                "coordinates": [
                    46.6760765,
                    24.7053383
                ]
            }
        },
        {
            "type": "Feature",
            "properties": {
                "created_at": "2021-09-27 11:48:05.227104"
            },
            "geometry": {
                "type": "Point",
                "coordinates": [
                    46.674949005246,
                    24.672968942032
                ]
            }
        },
        {
            "type": "Feature",
            "properties": {
                "created_at": "2021-10-08 03:21:51.745595"
            },
            "geometry": {
                "type": "Point",
                "coordinates": [
                    46.653609853238,
                    24.750209802656
                ]
            }
        },
        {
            "type": "Feature",
            "properties": {
                "created_at": "2021-09-27 11:52:25.118408"
            },
            "geometry": {
                "type": "Point",
                "coordinates": [
                    46.6435591,
                    24.7766038
                ]
            }
        },
        {
            "type": "Feature",
            "properties": {
                "created_at": "2021-09-27 11:48:03.774963"
            },
            "geometry": {
                "type": "Point",
                "coordinates": [
                    46.6724368,
                    24.7127874999999
                ]
            }
        },
        {
            "type": "Feature",
            "properties": {
                "created_at": "2021-09-19 16:13:11.2513"
            },
            "geometry": {
                "type": "Point",
                "coordinates": [
                    46.749478445974,
                    24.786208571469
                ]
            }
        },
        {
            "type": "Feature",
            "properties": {
                "created_at": "2022-12-14 21:00:00"
            },
            "geometry": {
                "type": "Point",
                "coordinates": [
                    46.6510901,
                    24.7566877
                ]
            }
        },
        {
            "type": "Feature",
            "properties": {
                "created_at": "2021-09-15 13:25:11.614824"
            },
            "geometry": {
                "type": "Point",
                "coordinates": [
                    46.844076503195,
                    24.866940547241
                ]
            }
        },
        {
            "type": "Feature",
            "properties": {
                "created_at": "2021-09-27 09:29:13.957765"
            },
            "geometry": {
                "type": "Point",
                "coordinates": [
                    50.0435791,
                    26.41422081
                ]
            }
        },
        {
            "type": "Feature",
            "properties": {
                "created_at": "2021-09-28 12:15:30.360336"
            },
            "geometry": {
                "type": "Point",
                "coordinates": [
                    46.6250053,
                    24.675052
                ]
            }
        },
        {
            "type": "Feature",
            "properties": {
                "created_at": "2021-10-04 09:23:46.978504"
            },
            "geometry": {
                "type": "Point",
                "coordinates": [
                    46.63953681,
                    24.7604356
                ]
            }
        },
        {
            "type": "Feature",
            "properties": {
                "created_at": "2021-09-27 11:43:39.073848"
            },
            "geometry": {
                "type": "Point",
                "coordinates": [
                    46.689132526517,
                    24.68707730637
                ]
            }
        },
        {
            "type": "Feature",
            "properties": {
                "created_at": "2021-09-15 13:28:25.809805"
            },
            "geometry": {
                "type": "Point",
                "coordinates": [
                    46.741207122802734,
                    24.783546447753906
                ]
            }
        },
        {
            "type": "Feature",
            "properties": {
                "created_at": "2021-09-27 11:52:23.462344"
            },
            "geometry": {
                "type": "Point",
                "coordinates": [
                    46.7171533,
                    24.8555989
                ]
            }
        },
        {
            "type": "Feature",
            "properties": {
                "created_at": "2021-09-27 12:16:29.575355"
            },
            "geometry": {
                "type": "Point",
                "coordinates": [
                    46.6895553,
                    24.9760332
                ]
            }
        },
        {
            "type": "Feature",
            "properties": {
                "created_at": "2021-09-09 05:52:22.340175"
            },
            "geometry": {
                "type": "Point",
                "coordinates": [
                    46.624061584472656,
                    24.784221649169922
                ]
            }
        },
        {
            "type": "Feature",
            "properties": {
                "created_at": "2021-09-29 21:23:00.232539"
            },
            "geometry": {
                "type": "Point",
                "coordinates": [
                    46.62452698,
                    24.60050392
                ]
            }
        },
        {
            "type": "Feature",
            "properties": {
                "created_at": "2021-09-14 17:49:01.574526"
            },
            "geometry": {
                "type": "Point",
                "coordinates": [
                    46.78396224975586,
                    24.566043853759766
                ]
            }
        },
        {
            "type": "Feature",
            "properties": {
                "created_at": "2021-09-28 12:15:34.311752"
            },
            "geometry": {
                "type": "Point",
                "coordinates": [
                    46.6895553,
                    24.9760332
                ]
            }
        },
        {
            "type": "Feature",
            "properties": {
                "created_at": "2021-10-04 09:23:50.282212"
            },
            "geometry": {
                "type": "Point",
                "coordinates": [
                    46.7808344,
                    24.6632148
                ]
            }
        },
        {
            "type": "Feature",
            "properties": {
                "created_at": "2021-09-09 06:07:33.077585"
            },
            "geometry": {
                "type": "Point",
                "coordinates": [
                    50.05794906616211,
                    26.366926193237305
                ]
            }
        },
        {
            "type": "Feature",
            "properties": {
                "created_at": "2021-09-28 12:15:37.422882"
            },
            "geometry": {
                "type": "Point",
                "coordinates": [
                    46.679450254887,
                    24.750029430476
                ]
            }
        },
        {
            "type": "Feature",
            "properties": {
                "created_at": "2021-09-27 11:43:37.342046"
            },
            "geometry": {
                "type": "Point",
                "coordinates": [
                    46.696671880782,
                    24.815116450497
                ]
            }
        },
        {
            "type": "Feature",
            "properties": {
                "created_at": "2021-09-27 11:56:48.308316"
            },
            "geometry": {
                "type": "Point",
                "coordinates": [
                    46.504235621542,
                    24.614501798893
                ]
            }
        },
        {
            "type": "Feature",
            "properties": {
                "created_at": "2021-09-27 11:52:21.998952"
            },
            "geometry": {
                "type": "Point",
                "coordinates": [
                    46.707915198058,
                    24.68160187368
                ]
            }
        },
        {
            "type": "Feature",
            "properties": {
                "created_at": "2021-10-04 09:23:51.764267"
            },
            "geometry": {
                "type": "Point",
                "coordinates": [
                    46.64505109,
                    24.78245544
                ]
            }
        },
        {
            "type": "Feature",
            "properties": {
                "created_at": "2021-09-24 14:25:08.236873"
            },
            "geometry": {
                "type": "Point",
                "coordinates": [
                    46.90191784495,
                    24.797522272259
                ]
            }
        },
        {
            "type": "Feature",
            "properties": {
                "created_at": "2021-09-13 10:41:19.613756"
            },
            "geometry": {
                "type": "Point",
                "coordinates": [
                    46.715605594218,
                    24.651248273593
                ]
            }
        },
        {
            "type": "Feature",
            "properties": {
                "created_at": "2021-09-27 11:47:59.792437"
            },
            "geometry": {
                "type": "Point",
                "coordinates": [
                    46.72868,
                    24.788135
                ]
            }
        },
        {
            "type": "Feature",
            "properties": {
                "created_at": "2021-09-27 11:52:20.599751"
            },
            "geometry": {
                "type": "Point",
                "coordinates": [
                    46.681728959084,
                    24.653393753288
                ]
            }
        },
        {
            "type": "Feature",
            "properties": {
                "created_at": "2021-09-27 11:47:58.389756"
            },
            "geometry": {
                "type": "Point",
                "coordinates": [
                    46.734166145325,
                    24.6849244529
                ]
            }
        },
        {
            "type": "Feature",
            "properties": {
                "created_at": "2021-09-27 11:43:34.273087"
            },
            "geometry": {
                "type": "Point",
                "coordinates": [
                    46.759612429887,
                    24.80245506674
                ]
            }
        },
        {
            "type": "Feature",
            "properties": {
                "created_at": "2021-09-27 11:56:45.370302"
            },
            "geometry": {
                "type": "Point",
                "coordinates": [
                    46.653609853238,
                    24.750209802656
                ]
            }
        },
        {
            "type": "Feature",
            "properties": {
                "created_at": "2021-09-27 11:56:43.954652"
            },
            "geometry": {
                "type": "Point",
                "coordinates": [
                    46.684989184141,
                    24.806202929212
                ]
            }
        },
        {
            "type": "Feature",
            "properties": {
                "created_at": "2021-09-24 14:39:45.947306"
            },
            "geometry": {
                "type": "Point",
                "coordinates": [
                    46.83106480073658,
                    24.854576197663928
                ]
            }
        },
        {
            "type": "Feature",
            "properties": {
                "created_at": "2021-09-27 11:52:16.536383"
            },
            "geometry": {
                "type": "Point",
                "coordinates": [
                    46.661459673196,
                    24.713813729409
                ]
            }
        },
        {
            "type": "Feature",
            "properties": {
                "created_at": "2021-10-05 13:36:07.4151"
            },
            "geometry": {
                "type": "Point",
                "coordinates": [
                    46.667294744169,
                    24.836580481073
                ]
            }
        },
        {
            "type": "Feature",
            "properties": {
                "created_at": "2021-09-24 11:31:39.260968"
            },
            "geometry": {
                "type": "Point",
                "coordinates": [
                    46.769511801693,
                    24.765712647822
                ]
            }
        },
        {
            "type": "Feature",
            "properties": {
                "created_at": "2021-09-24 15:23:47.072764"
            },
            "geometry": {
                "type": "Point",
                "coordinates": [
                    46.7914587,
                    24.56325
                ]
            }
        },
        {
            "type": "Feature",
            "properties": {
                "created_at": "2021-09-27 12:16:59.791067"
            },
            "geometry": {
                "type": "Point",
                "coordinates": [
                    46.6895553,
                    24.9760332
                ]
            }
        },
        {
            "type": "Feature",
            "properties": {
                "created_at": "2021-09-27 11:47:55.371482"
            },
            "geometry": {
                "type": "Point",
                "coordinates": [
                    46.6419876,
                    24.7596665
                ]
            }
        },
        {
            "type": "Feature",
            "properties": {
                "created_at": "2021-09-27 11:43:28.721943"
            },
            "geometry": {
                "type": "Point",
                "coordinates": [
                    46.676951944828,
                    24.704333251344
                ]
            }
        },
        {
            "type": "Feature",
            "properties": {
                "created_at": "2021-09-27 11:47:51.200379"
            },
            "geometry": {
                "type": "Point",
                "coordinates": [
                    46.72868,
                    24.788135
                ]
            }
        },
        {
            "type": "Feature",
            "properties": {
                "created_at": "2021-09-27 11:56:37.124851"
            },
            "geometry": {
                "type": "Point",
                "coordinates": [
                    46.656096428633,
                    24.818933904424
                ]
            }
        },
        {
            "type": "Feature",
            "properties": {
                "created_at": "2021-09-27 11:34:12.263789"
            },
            "geometry": {
                "type": "Point",
                "coordinates": [
                    46.7457873,
                    24.7946792
                ]
            }
        },
        {
            "type": "Feature",
            "properties": {
                "created_at": "2021-09-27 15:06:48.21968"
            },
            "geometry": {
                "type": "Point",
                "coordinates": [
                    46.838959074764,
                    24.569095349157
                ]
            }
        },
        {
            "type": "Feature",
            "properties": {
                "created_at": "2021-09-24 13:35:17.601368"
            },
            "geometry": {
                "type": "Point",
                "coordinates": [
                    46.89998627,
                    24.791399
                ]
            }
        },
        {
            "type": "Feature",
            "properties": {
                "created_at": "2021-09-27 11:52:11.697911"
            },
            "geometry": {
                "type": "Point",
                "coordinates": [
                    46.676312980546,
                    24.712577079233
                ]
            }
        },
        {
            "type": "Feature",
            "properties": {
                "created_at": "2021-09-27 11:43:25.798382"
            },
            "geometry": {
                "type": "Point",
                "coordinates": [
                    46.7227617278695,
                    24.7676542600188
                ]
            }
        },
        {
            "type": "Feature",
            "properties": {
                "created_at": "2021-09-27 15:11:11.112514"
            },
            "geometry": {
                "type": "Point",
                "coordinates": [
                    46.67372595698,
                    24.578911930806
                ]
            }
        },
        {
            "type": "Feature",
            "properties": {
                "created_at": "2021-09-27 11:56:35.720926"
            },
            "geometry": {
                "type": "Point",
                "coordinates": [
                    46.702841,
                    24.688535
                ]
            }
        },
        {
            "type": "Feature",
            "properties": {
                "created_at": "2021-09-27 11:47:47.729539"
            },
            "geometry": {
                "type": "Point",
                "coordinates": [
                    46.6820784,
                    24.6969424
                ]
            }
        },
        {
            "type": "Feature",
            "properties": {
                "created_at": "2021-09-27 11:43:24.160375"
            },
            "geometry": {
                "type": "Point",
                "coordinates": [
                    46.7221713,
                    24.8360966
                ]
            }
        },
        {
            "type": "Feature",
            "properties": {
                "created_at": "2021-09-26 13:48:30.374516"
            },
            "geometry": {
                "type": "Point",
                "coordinates": [
                    50.072365633328225,
                    26.465994023621615
                ]
            }
        },
        {
            "type": "Feature",
            "properties": {
                "created_at": "2021-09-30 06:19:37.196258"
            },
            "geometry": {
                "type": "Point",
                "coordinates": [
                    39.60961914,
                    24.44598961
                ]
            }
        },
        {
            "type": "Feature",
            "properties": {
                "created_at": "2021-09-27 11:52:07.815176"
            },
            "geometry": {
                "type": "Point",
                "coordinates": [
                    46.639440626214,
                    24.739147912027
                ]
            }
        },
        {
            "type": "Feature",
            "properties": {
                "created_at": "2021-10-08 03:22:03.111108"
            },
            "geometry": {
                "type": "Point",
                "coordinates": [
                    46.6612669,
                    24.7094802
                ]
            }
        },
        {
            "type": "Feature",
            "properties": {
                "created_at": "2021-10-20 10:25:30.139387"
            },
            "geometry": {
                "type": "Point",
                "coordinates": [
                    46.715046018362,
                    24.821382010656
                ]
            }
        },
        {
            "type": "Feature",
            "properties": {
                "created_at": "2021-09-27 11:37:45.664274"
            },
            "geometry": {
                "type": "Point",
                "coordinates": [
                    39.78705215,
                    21.35783005
                ]
            }
        },
        {
            "type": "Feature",
            "properties": {
                "created_at": "2021-09-28 12:15:44.232655"
            },
            "geometry": {
                "type": "Point",
                "coordinates": [
                    46.675426270813,
                    24.714577103771
                ]
            }
        },
        {
            "type": "Feature",
            "properties": {
                "created_at": "2021-09-27 11:47:46.135786"
            },
            "geometry": {
                "type": "Point",
                "coordinates": [
                    46.686747036874,
                    24.672547899561
                ]
            }
        },
        {
            "type": "Feature",
            "properties": {
                "created_at": "2021-10-20 10:25:31.58466"
            },
            "geometry": {
                "type": "Point",
                "coordinates": [
                    46.700727045536,
                    24.815984654534
                ]
            }
        },
        {
            "type": "Feature",
            "properties": {
                "created_at": "2021-10-08 03:22:05.343679"
            },
            "geometry": {
                "type": "Point",
                "coordinates": [
                    46.771486904472,
                    24.770479880896
                ]
            }
        },
        {
            "type": "Feature",
            "properties": {
                "created_at": "2021-09-13 10:41:37.701926"
            },
            "geometry": {
                "type": "Point",
                "coordinates": [
                    46.793583445251,
                    24.673551475256
                ]
            }
        },
        {
            "type": "Feature",
            "properties": {
                "created_at": "2021-09-13 10:41:41.600498"
            },
            "geometry": {
                "type": "Point",
                "coordinates": [
                    46.72868,
                    24.788135
                ]
            }
        },
        {
            "type": "Feature",
            "properties": {
                "created_at": "2021-09-27 11:43:20.331946"
            },
            "geometry": {
                "type": "Point",
                "coordinates": [
                    46.677233576775,
                    24.71542349361
                ]
            }
        },
        {
            "type": "Feature",
            "properties": {
                "created_at": "2021-09-27 11:56:29.79235"
            },
            "geometry": {
                "type": "Point",
                "coordinates": [
                    46.599528975785,
                    24.740119623153
                ]
            }
        },
        {
            "type": "Feature",
            "properties": {
                "created_at": "2021-09-27 11:47:40.865864"
            },
            "geometry": {
                "type": "Point",
                "coordinates": [
                    46.718052774668,
                    24.659955727646
                ]
            }
        },
        {
            "type": "Feature",
            "properties": {
                "created_at": "2021-09-27 11:43:17.188089"
            },
            "geometry": {
                "type": "Point",
                "coordinates": [
                    46.6375309,
                    24.7429824
                ]
            }
        },
        {
            "type": "Feature",
            "properties": {
                "created_at": "2021-09-27 11:52:00.426816"
            },
            "geometry": {
                "type": "Point",
                "coordinates": [
                    46.6093396,
                    24.8050103
                ]
            }
        },
        {
            "type": "Feature",
            "properties": {
                "created_at": "2021-09-27 11:47:39.126736"
            },
            "geometry": {
                "type": "Point",
                "coordinates": [
                    46.736155003309,
                    24.852120068159
                ]
            }
        },
        {
            "type": "Feature",
            "properties": {
                "created_at": "2021-09-27 11:56:25.348999"
            },
            "geometry": {
                "type": "Point",
                "coordinates": [
                    46.645051091909,
                    24.782455443684
                ]
            }
        },
        {
            "type": "Feature",
            "properties": {
                "created_at": "2021-09-27 11:47:37.491852"
            },
            "geometry": {
                "type": "Point",
                "coordinates": [
                    46.736155003309,
                    24.852120068159
                ]
            }
        },
        {
            "type": "Feature",
            "properties": {
                "created_at": "2021-09-27 12:14:55.109159"
            },
            "geometry": {
                "type": "Point",
                "coordinates": [
                    46.660514996382,
                    24.569645129933
                ]
            }
        },
        {
            "type": "Feature",
            "properties": {
                "created_at": "2021-09-27 11:51:57.371731"
            },
            "geometry": {
                "type": "Point",
                "coordinates": [
                    46.6173003,
                    24.7947354
                ]
            }
        },
        {
            "type": "Feature",
            "properties": {
                "created_at": "2021-09-27 11:56:21.020532"
            },
            "geometry": {
                "type": "Point",
                "coordinates": [
                    46.692362241447,
                    24.681188882747
                ]
            }
        },
        {
            "type": "Feature",
            "properties": {
                "created_at": "2021-09-27 11:47:33.600199"
            },
            "geometry": {
                "type": "Point",
                "coordinates": [
                    46.672948412597,
                    24.714272171237
                ]
            }
        },
        {
            "type": "Feature",
            "properties": {
                "created_at": "2021-09-27 11:43:10.498993"
            },
            "geometry": {
                "type": "Point",
                "coordinates": [
                    46.624556995945,
                    24.683328474087
                ]
            }
        },
        {
            "type": "Feature",
            "properties": {
                "created_at": "2024-06-13 06:27:29.051982"
            },
            "geometry": {
                "type": "Point",
                "coordinates": [
                    46.6593587,
                    24.8590148
                ]
            }
        },
        {
            "type": "Feature",
            "properties": {
                "created_at": "2021-09-30 06:17:11.667656"
            },
            "geometry": {
                "type": "Point",
                "coordinates": [
                    46.84952545,
                    24.74021721
                ]
            }
        },
        {
            "type": "Feature",
            "properties": {
                "created_at": "2021-09-27 11:47:32.173245"
            },
            "geometry": {
                "type": "Point",
                "coordinates": [
                    46.7041884,
                    24.6859882
                ]
            }
        },
        {
            "type": "Feature",
            "properties": {
                "created_at": "2021-09-27 11:56:17.919379"
            },
            "geometry": {
                "type": "Point",
                "coordinates": [
                    46.639124080539,
                    24.76021214816
                ]
            }
        },
        {
            "type": "Feature",
            "properties": {
                "created_at": "2021-09-30 04:58:32.950364"
            },
            "geometry": {
                "type": "Point",
                "coordinates": [
                    46.624704343498,
                    24.583375077689
                ]
            }
        },
        {
            "type": "Feature",
            "properties": {
                "created_at": "2021-09-27 11:51:51.909317"
            },
            "geometry": {
                "type": "Point",
                "coordinates": [
                    46.7340958,
                    24.684951
                ]
            }
        },
        {
            "type": "Feature",
            "properties": {
                "created_at": "2021-09-27 11:43:05.18479"
            },
            "geometry": {
                "type": "Point",
                "coordinates": [
                    46.6363342,
                    24.7412359
                ]
            }
        },
        {
            "type": "Feature",
            "properties": {
                "created_at": "2021-09-27 11:56:13.68324"
            },
            "geometry": {
                "type": "Point",
                "coordinates": [
                    46.707966327667,
                    24.680891544384
                ]
            }
        },
        {
            "type": "Feature",
            "properties": {
                "created_at": "2021-09-27 11:51:48.509764"
            },
            "geometry": {
                "type": "Point",
                "coordinates": [
                    46.682386747756,
                    24.69751118547
                ]
            }
        },
        {
            "type": "Feature",
            "properties": {
                "created_at": "2021-09-26 21:29:27.179383"
            },
            "geometry": {
                "type": "Point",
                "coordinates": [
                    46.63592994422,
                    24.603980407088
                ]
            }
        },
        {
            "type": "Feature",
            "properties": {
                "created_at": "2021-09-27 11:33:09.292224"
            },
            "geometry": {
                "type": "Point",
                "coordinates": [
                    46.803722581657,
                    24.767684245361
                ]
            }
        },
        {
            "type": "Feature",
            "properties": {
                "created_at": "2021-09-28 12:15:51.095121"
            },
            "geometry": {
                "type": "Point",
                "coordinates": [
                    46.682936791331,
                    24.798354186874
                ]
            }
        },
        {
            "type": "Feature",
            "properties": {
                "created_at": "2021-10-20 10:25:38.236715"
            },
            "geometry": {
                "type": "Point",
                "coordinates": [
                    46.652897559106,
                    24.841468278297
                ]
            }
        },
        {
            "type": "Feature",
            "properties": {
                "created_at": "2021-10-16 14:04:07.569139"
            },
            "geometry": {
                "type": "Point",
                "coordinates": [
                    46.74115753173828,
                    24.685791015625
                ]
            }
        },
        {
            "type": "Feature",
            "properties": {
                "created_at": "2021-09-29 14:59:35.354059"
            },
            "geometry": {
                "type": "Point",
                "coordinates": [
                    46.78919769823551,
                    24.718832136411883
                ]
            }
        },
        {
            "type": "Feature",
            "properties": {
                "created_at": "2021-09-30 07:33:17.378783"
            },
            "geometry": {
                "type": "Point",
                "coordinates": [
                    50.00112534,
                    26.41358948
                ]
            }
        },
        {
            "type": "Feature",
            "properties": {
                "created_at": "2021-09-27 12:32:48.712944"
            },
            "geometry": {
                "type": "Point",
                "coordinates": [
                    46.7657679319381,
                    24.7142559290814
                ]
            }
        },
        {
            "type": "Feature",
            "properties": {
                "created_at": "2021-09-27 12:37:09.200989"
            },
            "geometry": {
                "type": "Point",
                "coordinates": [
                    46.669244,
                    24.808942
                ]
            }
        },
        {
            "type": "Feature",
            "properties": {
                "created_at": "2021-10-04 09:24:14.819524"
            },
            "geometry": {
                "type": "Point",
                "coordinates": [
                    46.73647519,
                    24.68102041
                ]
            }
        },
        {
            "type": "Feature",
            "properties": {
                "created_at": "2021-09-30 04:58:44.345185"
            },
            "geometry": {
                "type": "Point",
                "coordinates": [
                    46.595382049864,
                    24.602087467358
                ]
            }
        },
        {
            "type": "Feature",
            "properties": {
                "created_at": "2021-09-27 12:41:33.906516"
            },
            "geometry": {
                "type": "Point",
                "coordinates": [
                    46.65455231443,
                    24.788058166131
                ]
            }
        },
        {
            "type": "Feature",
            "properties": {
                "created_at": "2021-09-27 12:32:51.549269"
            },
            "geometry": {
                "type": "Point",
                "coordinates": [
                    46.7246678,
                    24.7437388
                ]
            }
        },
        {
            "type": "Feature",
            "properties": {
                "created_at": "2023-07-23 08:40:50.313854"
            },
            "geometry": {
                "type": "Point",
                "coordinates": [
                    46.6634497,
                    24.799215
                ]
            }
        },
        {
            "type": "Feature",
            "properties": {
                "created_at": "2021-09-28 12:15:53.991969"
            },
            "geometry": {
                "type": "Point",
                "coordinates": [
                    46.641705706716,
                    24.759760034452
                ]
            }
        },
        {
            "type": "Feature",
            "properties": {
                "created_at": "2021-09-27 12:37:13.242659"
            },
            "geometry": {
                "type": "Point",
                "coordinates": [
                    46.7669405,
                    24.8558026
                ]
            }
        },
        {
            "type": "Feature",
            "properties": {
                "created_at": "2021-10-08 03:22:15.627169"
            },
            "geometry": {
                "type": "Point",
                "coordinates": [
                    46.818470992148,
                    24.700656413483
                ]
            }
        },
        {
            "type": "Feature",
            "properties": {
                "created_at": "2021-10-13 09:42:39.350053"
            },
            "geometry": {
                "type": "Point",
                "coordinates": [
                    46.658392064273,
                    24.744980895602
                ]
            }
        },
        {
            "type": "Feature",
            "properties": {
                "created_at": "2021-09-27 11:47:27.706861"
            },
            "geometry": {
                "type": "Point",
                "coordinates": [
                    46.712123416364,
                    24.853928214905
                ]
            }
        },
        {
            "type": "Feature",
            "properties": {
                "created_at": "2021-09-27 11:47:25.29743"
            },
            "geometry": {
                "type": "Point",
                "coordinates": [
                    46.6435591,
                    24.7766038
                ]
            }
        },
        {
            "type": "Feature",
            "properties": {
                "created_at": "2022-09-13 07:38:45.498572"
            },
            "geometry": {
                "type": "Point",
                "coordinates": [
                    46.78215789794922,
                    24.747358322143555
                ]
            }
        },
        {
            "type": "Feature",
            "properties": {
                "created_at": "2021-09-27 11:43:02.100981"
            },
            "geometry": {
                "type": "Point",
                "coordinates": [
                    46.642443314195,
                    24.760227467651
                ]
            }
        },
        {
            "type": "Feature",
            "properties": {
                "created_at": "2021-09-27 11:51:45.358922"
            },
            "geometry": {
                "type": "Point",
                "coordinates": [
                    46.615642681718,
                    24.807837534722
                ]
            }
        },
        {
            "type": "Feature",
            "properties": {
                "created_at": "2021-09-28 12:16:00.745489"
            },
            "geometry": {
                "type": "Point",
                "coordinates": [
                    46.81323866582,
                    24.675601128598
                ]
            }
        },
        {
            "type": "Feature",
            "properties": {
                "created_at": "2021-09-09 05:52:20.826526"
            },
            "geometry": {
                "type": "Point",
                "coordinates": [
                    46.6820161,
                    24.7187327
                ]
            }
        },
        {
            "type": "Feature",
            "properties": {
                "created_at": "2021-09-27 09:56:46.907215"
            },
            "geometry": {
                "type": "Point",
                "coordinates": [
                    50.1745196,
                    26.3027218
                ]
            }
        },
        {
            "type": "Feature",
            "properties": {
                "created_at": "2021-09-28 12:16:02.243072"
            },
            "geometry": {
                "type": "Point",
                "coordinates": [
                    46.6394729,
                    24.8280801
                ]
            }
        },
        {
            "type": "Feature",
            "properties": {
                "created_at": "2021-09-27 11:51:42.606019"
            },
            "geometry": {
                "type": "Point",
                "coordinates": [
                    46.705084964633,
                    24.701184033595
                ]
            }
        },
        {
            "type": "Feature",
            "properties": {
                "created_at": "2021-10-08 03:22:18.152612"
            },
            "geometry": {
                "type": "Point",
                "coordinates": [
                    46.634873449802,
                    24.742135112493
                ]
            }
        },
        {
            "type": "Feature",
            "properties": {
                "created_at": "2021-09-27 11:47:22.40763"
            },
            "geometry": {
                "type": "Point",
                "coordinates": [
                    46.638308186084,
                    24.762423831366
                ]
            }
        },
        {
            "type": "Feature",
            "properties": {
                "created_at": "2021-10-04 09:24:25.020284"
            },
            "geometry": {
                "type": "Point",
                "coordinates": [
                    46.76853463,
                    24.72265912
                ]
            }
        },
        {
            "type": "Feature",
            "properties": {
                "created_at": "2021-09-28 12:16:10.758401"
            },
            "geometry": {
                "type": "Point",
                "coordinates": [
                    46.625888,
                    24.6833355
                ]
            }
        },
        {
            "type": "Feature",
            "properties": {
                "created_at": "2021-09-27 11:42:58.708476"
            },
            "geometry": {
                "type": "Point",
                "coordinates": [
                    46.6796342,
                    24.7057338
                ]
            }
        },
        {
            "type": "Feature",
            "properties": {
                "created_at": "2021-09-27 11:47:20.893555"
            },
            "geometry": {
                "type": "Point",
                "coordinates": [
                    46.6575311,
                    24.7194065
                ]
            }
        },
        {
            "type": "Feature",
            "properties": {
                "created_at": "2021-09-26 06:05:05.324481"
            },
            "geometry": {
                "type": "Point",
                "coordinates": [
                    50.1593132,
                    26.30129814
                ]
            }
        },
        {
            "type": "Feature",
            "properties": {
                "created_at": "2021-09-28 12:16:14.608787"
            },
            "geometry": {
                "type": "Point",
                "coordinates": [
                    46.73875104636,
                    24.684569244493
                ]
            }
        },
        {
            "type": "Feature",
            "properties": {
                "created_at": "2021-10-04 09:24:28.903734"
            },
            "geometry": {
                "type": "Point",
                "coordinates": [
                    46.69084629,
                    24.69422575
                ]
            }
        },
        {
            "type": "Feature",
            "properties": {
                "created_at": "2021-09-19 14:59:03.386626"
            },
            "geometry": {
                "type": "Point",
                "coordinates": [
                    39.190417802099624,
                    21.517768927270048
                ]
            }
        },
        {
            "type": "Feature",
            "properties": {
                "created_at": "2024-06-20 06:59:52.545302"
            },
            "geometry": {
                "type": "Point",
                "coordinates": [
                    46.6699187,
                    24.7604605
                ]
            }
        },
        {
            "type": "Feature",
            "properties": {
                "created_at": "2021-09-30 06:24:57.127287"
            },
            "geometry": {
                "type": "Point",
                "coordinates": [
                    39.15093338836056,
                    21.581238918824745
                ]
            }
        },
        {
            "type": "Feature",
            "properties": {
                "created_at": "2021-09-28 12:16:17.705905"
            },
            "geometry": {
                "type": "Point",
                "coordinates": [
                    46.657281629741,
                    24.739971466968
                ]
            }
        },
        {
            "type": "Feature",
            "properties": {
                "created_at": "2021-09-27 11:42:56.284204"
            },
            "geometry": {
                "type": "Point",
                "coordinates": [
                    46.6578029,
                    24.7392818
                ]
            }
        },
        {
            "type": "Feature",
            "properties": {
                "created_at": "2021-10-08 03:22:23.228365"
            },
            "geometry": {
                "type": "Point",
                "coordinates": [
                    46.599561353109,
                    24.740305241246
                ]
            }
        },
        {
            "type": "Feature",
            "properties": {
                "created_at": "2021-10-13 09:44:40.456492"
            },
            "geometry": {
                "type": "Point",
                "coordinates": [
                    46.727573610842,
                    24.786844422996
                ]
            }
        },
        {
            "type": "Feature",
            "properties": {
                "created_at": "2021-09-27 10:45:04.349048"
            },
            "geometry": {
                "type": "Point",
                "coordinates": [
                    39.26695251,
                    21.4374218
                ]
            }
        },
        {
            "type": "Feature",
            "properties": {
                "created_at": "2021-09-27 11:56:05.40056"
            },
            "geometry": {
                "type": "Point",
                "coordinates": [
                    46.653437944118,
                    24.750188706651
                ]
            }
        },
        {
            "type": "Feature",
            "properties": {
                "created_at": "2021-09-27 11:51:39.6555"
            },
            "geometry": {
                "type": "Point",
                "coordinates": [
                    46.779429931194,
                    24.690534516093
                ]
            }
        },
        {
            "type": "Feature",
            "properties": {
                "created_at": "2021-10-16 14:04:43.434531"
            },
            "geometry": {
                "type": "Point",
                "coordinates": [
                    46.59772491455078,
                    24.872028350830078
                ]
            }
        },
        {
            "type": "Feature",
            "properties": {
                "created_at": "2021-10-20 10:25:44.299398"
            },
            "geometry": {
                "type": "Point",
                "coordinates": [
                    46.663785148412,
                    24.808255842943
                ]
            }
        },
        {
            "type": "Feature",
            "properties": {
                "created_at": "2021-09-27 11:42:54.867483"
            },
            "geometry": {
                "type": "Point",
                "coordinates": [
                    46.671937890351,
                    24.75329521899
                ]
            }
        },
        {
            "type": "Feature",
            "properties": {
                "created_at": "2023-02-08 12:00:00"
            },
            "geometry": {
                "type": "Point",
                "coordinates": [
                    46.6510901,
                    24.7566877
                ]
            }
        },
        {
            "type": "Feature",
            "properties": {
                "created_at": "2021-09-18 04:48:42.031454"
            },
            "geometry": {
                "type": "Point",
                "coordinates": [
                    46.799876064933,
                    24.762106822004
                ]
            }
        },
        {
            "type": "Feature",
            "properties": {
                "created_at": "2021-09-09 06:06:05.327443"
            },
            "geometry": {
                "type": "Point",
                "coordinates": [
                    46.649160452188,
                    24.859677027021
                ]
            }
        },
        {
            "type": "Feature",
            "properties": {
                "created_at": "2021-09-27 07:25:36.782336"
            },
            "geometry": {
                "type": "Point",
                "coordinates": [
                    39.2490494,
                    21.4801522
                ]
            }
        },
        {
            "type": "Feature",
            "properties": {
                "created_at": "2021-09-28 12:16:28.06175"
            },
            "geometry": {
                "type": "Point",
                "coordinates": [
                    46.626499928534,
                    24.675136780751
                ]
            }
        },
        {
            "type": "Feature",
            "properties": {
                "created_at": "2021-09-27 11:47:16.868863"
            },
            "geometry": {
                "type": "Point",
                "coordinates": [
                    46.640867516398,
                    24.82525812764
                ]
            }
        },
        {
            "type": "Feature",
            "properties": {
                "created_at": "2021-10-08 03:22:25.724664"
            },
            "geometry": {
                "type": "Point",
                "coordinates": [
                    46.6360667,
                    24.7436771
                ]
            }
        },
        {
            "type": "Feature",
            "properties": {
                "created_at": "2021-10-13 09:44:43.011004"
            },
            "geometry": {
                "type": "Point",
                "coordinates": [
                    46.678268741816,
                    24.722961833272
                ]
            }
        },
        {
            "type": "Feature",
            "properties": {
                "created_at": "2021-09-09 06:06:06.479611"
            },
            "geometry": {
                "type": "Point",
                "coordinates": [
                    46.649748707186,
                    24.565954958766
                ]
            }
        },
        {
            "type": "Feature",
            "properties": {
                "created_at": "2021-09-09 06:14:41.664204"
            },
            "geometry": {
                "type": "Point",
                "coordinates": [
                    39.24339676,
                    21.58049393
                ]
            }
        },
        {
            "type": "Feature",
            "properties": {
                "created_at": "2021-09-28 12:16:35.278452"
            },
            "geometry": {
                "type": "Point",
                "coordinates": [
                    46.6383169032633,
                    24.7408278158054
                ]
            }
        },
        {
            "type": "Feature",
            "properties": {
                "created_at": "2021-09-27 11:42:53.426698"
            },
            "geometry": {
                "type": "Point",
                "coordinates": [
                    46.6441353,
                    24.7760165
                ]
            }
        },
        {
            "type": "Feature",
            "properties": {
                "created_at": "2021-10-20 10:25:46.858058"
            },
            "geometry": {
                "type": "Point",
                "coordinates": [
                    46.653609853238,
                    24.750209802656
                ]
            }
        },
        {
            "type": "Feature",
            "properties": {
                "created_at": "2021-10-13 09:44:44.276126"
            },
            "geometry": {
                "type": "Point",
                "coordinates": [
                    46.686232052743,
                    24.682036756773
                ]
            }
        },
        {
            "type": "Feature",
            "properties": {
                "created_at": "2021-09-27 11:51:36.494101"
            },
            "geometry": {
                "type": "Point",
                "coordinates": [
                    46.713655628264,
                    24.853865372863
                ]
            }
        },
        {
            "type": "Feature",
            "properties": {
                "created_at": "2021-09-27 12:36:43.513594"
            },
            "geometry": {
                "type": "Point",
                "coordinates": [
                    39.5806,
                    24.4175
                ]
            }
        },
        {
            "type": "Feature",
            "properties": {
                "created_at": "2021-09-27 11:47:15.440993"
            },
            "geometry": {
                "type": "Point",
                "coordinates": [
                    46.718489807099,
                    24.806103018636
                ]
            }
        },
        {
            "type": "Feature",
            "properties": {
                "created_at": "2021-10-13 09:44:48.099909"
            },
            "geometry": {
                "type": "Point",
                "coordinates": [
                    46.7563762,
                    24.7217503
                ]
            }
        },
        {
            "type": "Feature",
            "properties": {
                "created_at": "2021-10-08 03:22:29.392047"
            },
            "geometry": {
                "type": "Point",
                "coordinates": [
                    46.619687452912,
                    24.821743697187
                ]
            }
        },
        {
            "type": "Feature",
            "properties": {
                "created_at": "2021-09-27 12:32:31.526896"
            },
            "geometry": {
                "type": "Point",
                "coordinates": [
                    46.7011111,
                    24.6548137
                ]
            }
        },
        {
            "type": "Feature",
            "properties": {
                "created_at": "2021-09-27 11:42:51.867265"
            },
            "geometry": {
                "type": "Point",
                "coordinates": [
                    46.6771782562136,
                    24.6720132047646
                ]
            }
        },
        {
            "type": "Feature",
            "properties": {
                "created_at": "2021-10-08 03:22:30.678459"
            },
            "geometry": {
                "type": "Point",
                "coordinates": [
                    46.599355638027,
                    24.740405548346
                ]
            }
        },
        {
            "type": "Feature",
            "properties": {
                "created_at": "2021-09-28 12:16:43.860489"
            },
            "geometry": {
                "type": "Point",
                "coordinates": [
                    46.600495912135,
                    24.800811382853
                ]
            }
        },
        {
            "type": "Feature",
            "properties": {
                "created_at": "2024-03-25 13:23:26.283685"
            },
            "geometry": {
                "type": "Point",
                "coordinates": [
                    46.7677283,
                    24.8316931
                ]
            }
        },
        {
            "type": "Feature",
            "properties": {
                "created_at": "2021-10-04 09:24:47.442568"
            },
            "geometry": {
                "type": "Point",
                "coordinates": [
                    46.6543812,
                    24.7479713
                ]
            }
        },
        {
            "type": "Feature",
            "properties": {
                "created_at": "2021-09-24 02:04:44.227255"
            },
            "geometry": {
                "type": "Point",
                "coordinates": [
                    39.192979342495,
                    21.551169330917
                ]
            }
        },
        {
            "type": "Feature",
            "properties": {
                "created_at": "2021-09-13 10:44:34.752353"
            },
            "geometry": {
                "type": "Point",
                "coordinates": [
                    46.641788855195,
                    24.825703103334
                ]
            }
        },
        {
            "type": "Feature",
            "properties": {
                "created_at": "2021-09-24 02:05:10.274546"
            },
            "geometry": {
                "type": "Point",
                "coordinates": [
                    39.189842478868,
                    21.577234097343
                ]
            }
        },
        {
            "type": "Feature",
            "properties": {
                "created_at": "2021-09-27 12:24:41.105972"
            },
            "geometry": {
                "type": "Point",
                "coordinates": [
                    46.749519619328,
                    24.695503604281
                ]
            }
        },
        {
            "type": "Feature",
            "properties": {
                "created_at": "2021-09-28 12:16:49.514501"
            },
            "geometry": {
                "type": "Point",
                "coordinates": [
                    46.6419113,
                    24.8180352
                ]
            }
        },
        {
            "type": "Feature",
            "properties": {
                "created_at": "2022-05-31 16:27:42"
            },
            "geometry": {
                "type": "Point",
                "coordinates": [
                    46.702841,
                    24.688535
                ]
            }
        },
        {
            "type": "Feature",
            "properties": {
                "created_at": "2021-09-27 11:51:33.877059"
            },
            "geometry": {
                "type": "Point",
                "coordinates": [
                    46.735544968396,
                    24.851978747831
                ]
            }
        },
        {
            "type": "Feature",
            "properties": {
                "created_at": "2024-02-13 18:02:19.272141"
            },
            "geometry": {
                "type": "Point",
                "coordinates": [
                    47.360245,
                    24.1461614
                ]
            }
        },
        {
            "type": "Feature",
            "properties": {
                "created_at": "2021-09-09 06:06:03.350928"
            },
            "geometry": {
                "type": "Point",
                "coordinates": [
                    46.642904761931,
                    24.805053151022
                ]
            }
        },
        {
            "type": "Feature",
            "properties": {
                "created_at": "2021-10-04 09:24:50.539481"
            },
            "geometry": {
                "type": "Point",
                "coordinates": [
                    46.62771028,
                    24.70938326
                ]
            }
        },
        {
            "type": "Feature",
            "properties": {
                "created_at": "2021-09-24 02:05:42.363572"
            },
            "geometry": {
                "type": "Point",
                "coordinates": [
                    39.257205431775,
                    21.48420960238
                ]
            }
        },
        {
            "type": "Feature",
            "properties": {
                "created_at": "2021-09-28 12:16:54.045456"
            },
            "geometry": {
                "type": "Point",
                "coordinates": [
                    46.7583932,
                    24.72228
                ]
            }
        },
        {
            "type": "Feature",
            "properties": {
                "created_at": "2021-09-27 11:42:50.2015"
            },
            "geometry": {
                "type": "Point",
                "coordinates": [
                    46.685435604304,
                    24.686847454929
                ]
            }
        },
        {
            "type": "Feature",
            "properties": {
                "created_at": "2021-09-27 11:55:59.68467"
            },
            "geometry": {
                "type": "Point",
                "coordinates": [
                    46.801607944071,
                    24.689358073594
                ]
            }
        },
        {
            "type": "Feature",
            "properties": {
                "created_at": "2021-10-04 09:24:52.050666"
            },
            "geometry": {
                "type": "Point",
                "coordinates": [
                    46.71126863,
                    24.73772445
                ]
            }
        },
        {
            "type": "Feature",
            "properties": {
                "created_at": "2021-09-28 05:57:28.275867"
            },
            "geometry": {
                "type": "Point",
                "coordinates": [
                    46.611713406295,
                    24.589532329239
                ]
            }
        },
        {
            "type": "Feature",
            "properties": {
                "created_at": "2021-09-27 11:42:47.547864"
            },
            "geometry": {
                "type": "Point",
                "coordinates": [
                    46.594502013177,
                    24.765648201298
                ]
            }
        },
        {
            "type": "Feature",
            "properties": {
                "created_at": "2021-09-28 12:16:59.48023"
            },
            "geometry": {
                "type": "Point",
                "coordinates": [
                    46.656780727208,
                    24.751122628203
                ]
            }
        },
        {
            "type": "Feature",
            "properties": {
                "created_at": "2021-09-13 06:58:18.301769"
            },
            "geometry": {
                "type": "Point",
                "coordinates": [
                    46.575985067602,
                    24.688460935833
                ]
            }
        },
        {
            "type": "Feature",
            "properties": {
                "created_at": "2021-09-13 06:39:06.754729"
            },
            "geometry": {
                "type": "Point",
                "coordinates": [
                    39.94974899,
                    21.47190857
                ]
            }
        },
        {
            "type": "Feature",
            "properties": {
                "created_at": "2021-09-28 05:35:26.037631"
            },
            "geometry": {
                "type": "Point",
                "coordinates": [
                    46.7716383,
                    24.5501952
                ]
            }
        },
        {
            "type": "Feature",
            "properties": {
                "created_at": "2021-09-28 12:17:00.951903"
            },
            "geometry": {
                "type": "Point",
                "coordinates": [
                    46.6895553,
                    24.9760332
                ]
            }
        },
        {
            "type": "Feature",
            "properties": {
                "created_at": "2021-09-27 11:55:57.251892"
            },
            "geometry": {
                "type": "Point",
                "coordinates": [
                    46.713628806174,
                    24.690534502635
                ]
            }
        },
        {
            "type": "Feature",
            "properties": {
                "created_at": "2021-11-01 09:15:45.688557"
            },
            "geometry": {
                "type": "Point",
                "coordinates": [
                    46.6732063293457,
                    24.698284149169922
                ]
            }
        },
        {
            "type": "Feature",
            "properties": {
                "created_at": "2021-09-23 13:27:22.050683"
            },
            "geometry": {
                "type": "Point",
                "coordinates": [
                    39.2066187,
                    21.7293885
                ]
            }
        },
        {
            "type": "Feature",
            "properties": {
                "created_at": "2021-10-04 09:24:56.057271"
            },
            "geometry": {
                "type": "Point",
                "coordinates": [
                    46.75908118,
                    24.7466438
                ]
            }
        },
        {
            "type": "Feature",
            "properties": {
                "created_at": "2021-09-28 12:17:06.720866"
            },
            "geometry": {
                "type": "Point",
                "coordinates": [
                    46.72868,
                    24.788135
                ]
            }
        },
        {
            "type": "Feature",
            "properties": {
                "created_at": "2021-09-27 11:42:46.121891"
            },
            "geometry": {
                "type": "Point",
                "coordinates": [
                    46.717035,
                    24.806261
                ]
            }
        },
        {
            "type": "Feature",
            "properties": {
                "created_at": "2021-09-27 11:51:29.482737"
            },
            "geometry": {
                "type": "Point",
                "coordinates": [
                    46.6514516808092,
                    24.7968723986968
                ]
            }
        },
        {
            "type": "Feature",
            "properties": {
                "created_at": "2021-10-04 09:25:00.449914"
            },
            "geometry": {
                "type": "Point",
                "coordinates": [
                    46.575683,
                    24.7662838
                ]
            }
        },
        {
            "type": "Feature",
            "properties": {
                "created_at": "2021-09-12 16:42:14.235787"
            },
            "geometry": {
                "type": "Point",
                "coordinates": [
                    46.8492496,
                    24.58805127421
                ]
            }
        },
        {
            "type": "Feature",
            "properties": {
                "created_at": "2021-09-28 12:17:11.08022"
            },
            "geometry": {
                "type": "Point",
                "coordinates": [
                    46.573510207236,
                    24.764699327938
                ]
            }
        },
        {
            "type": "Feature",
            "properties": {
                "created_at": "2021-09-27 11:47:08.314488"
            },
            "geometry": {
                "type": "Point",
                "coordinates": [
                    46.62418987602,
                    24.685383019966
                ]
            }
        },
        {
            "type": "Feature",
            "properties": {
                "created_at": "2021-09-19 18:44:29.548158"
            },
            "geometry": {
                "type": "Point",
                "coordinates": [
                    46.646136000083985,
                    24.798993296124703
                ]
            }
        },
        {
            "type": "Feature",
            "properties": {
                "created_at": "2021-09-28 04:34:51.633543"
            },
            "geometry": {
                "type": "Point",
                "coordinates": [
                    46.809234376439,
                    24.805218565729
                ]
            }
        },
        {
            "type": "Feature",
            "properties": {
                "created_at": "2021-10-13 09:44:53.273245"
            },
            "geometry": {
                "type": "Point",
                "coordinates": [
                    46.6572952,
                    24.7398413
                ]
            }
        },
        {
            "type": "Feature",
            "properties": {
                "created_at": "2021-09-27 11:42:43.119863"
            },
            "geometry": {
                "type": "Point",
                "coordinates": [
                    46.6895553,
                    24.9760332
                ]
            }
        },
        {
            "type": "Feature",
            "properties": {
                "created_at": "2021-09-28 12:17:16.539356"
            },
            "geometry": {
                "type": "Point",
                "coordinates": [
                    46.620349287987,
                    24.79086571993
                ]
            }
        },
        {
            "type": "Feature",
            "properties": {
                "created_at": "2021-09-12 16:52:52.572008"
            },
            "geometry": {
                "type": "Point",
                "coordinates": [
                    39.2265782,
                    21.4740285
                ]
            }
        },
        {
            "type": "Feature",
            "properties": {
                "created_at": "2021-09-13 10:17:33.483137"
            },
            "geometry": {
                "type": "Point",
                "coordinates": [
                    46.715692095459,
                    24.689486928419
                ]
            }
        },
        {
            "type": "Feature",
            "properties": {
                "created_at": "2021-09-13 10:13:11.619454"
            },
            "geometry": {
                "type": "Point",
                "coordinates": [
                    46.711069,
                    24.683526
                ]
            }
        },
        {
            "type": "Feature",
            "properties": {
                "created_at": "2021-10-04 09:25:02.907059"
            },
            "geometry": {
                "type": "Point",
                "coordinates": [
                    46.63313974,
                    24.77919369
                ]
            }
        },
        {
            "type": "Feature",
            "properties": {
                "created_at": "2024-02-12 04:14:29.141224"
            },
            "geometry": {
                "type": "Point",
                "coordinates": [
                    46.83485852570435,
                    24.6570233745108
                ]
            }
        },
        {
            "type": "Feature",
            "properties": {
                "created_at": "2021-09-27 11:47:05.356808"
            },
            "geometry": {
                "type": "Point",
                "coordinates": [
                    46.641312427819,
                    24.825217430815
                ]
            }
        },
        {
            "type": "Feature",
            "properties": {
                "created_at": "2023-07-23 10:22:33.360392"
            },
            "geometry": {
                "type": "Point",
                "coordinates": [
                    46.7459671,
                    24.6868702
                ]
            }
        },
        {
            "type": "Feature",
            "properties": {
                "created_at": "2021-09-12 16:49:05.221882"
            },
            "geometry": {
                "type": "Point",
                "coordinates": [
                    46.630489038648584,
                    24.90408483593088
                ]
            }
        },
        {
            "type": "Feature",
            "properties": {
                "created_at": "2021-09-27 11:55:51.600532"
            },
            "geometry": {
                "type": "Point",
                "coordinates": [
                    46.6354193,
                    24.740393
                ]
            }
        },
        {
            "type": "Feature",
            "properties": {
                "created_at": "2021-09-27 11:51:23.914418"
            },
            "geometry": {
                "type": "Point",
                "coordinates": [
                    46.6580521,
                    24.7436082
                ]
            }
        },
        {
            "type": "Feature",
            "properties": {
                "created_at": "2021-09-27 11:42:39.144609"
            },
            "geometry": {
                "type": "Point",
                "coordinates": [
                    46.6435591,
                    24.7766038
                ]
            }
        },
        {
            "type": "Feature",
            "properties": {
                "created_at": "2024-03-25 08:01:33.975093"
            },
            "geometry": {
                "type": "Point",
                "coordinates": [
                    46.6384464,
                    24.6079549
                ]
            }
        },
        {
            "type": "Feature",
            "properties": {
                "created_at": "2021-09-27 11:51:22.324648"
            },
            "geometry": {
                "type": "Point",
                "coordinates": [
                    46.713627,
                    24.852368
                ]
            }
        },
        {
            "type": "Feature",
            "properties": {
                "created_at": "2021-09-27 11:47:02.274049"
            },
            "geometry": {
                "type": "Point",
                "coordinates": [
                    46.718489807099,
                    24.806103018636
                ]
            }
        },
        {
            "type": "Feature",
            "properties": {
                "created_at": "2021-09-18 04:49:03.496905"
            },
            "geometry": {
                "type": "Point",
                "coordinates": [
                    46.677095121982,
                    24.79957134917
                ]
            }
        },
        {
            "type": "Feature",
            "properties": {
                "created_at": "2021-09-27 11:42:37.351112"
            },
            "geometry": {
                "type": "Point",
                "coordinates": [
                    46.6823589,
                    24.697478
                ]
            }
        },
        {
            "type": "Feature",
            "properties": {
                "created_at": "2021-09-27 11:55:47.743715"
            },
            "geometry": {
                "type": "Point",
                "coordinates": [
                    46.634750372988,
                    24.742734006352
                ]
            }
        },
        {
            "type": "Feature",
            "properties": {
                "created_at": "2021-09-27 11:51:20.773454"
            },
            "geometry": {
                "type": "Point",
                "coordinates": [
                    46.7041884,
                    24.6859882
                ]
            }
        },
        {
            "type": "Feature",
            "properties": {
                "created_at": "2021-09-27 11:46:59.539192"
            },
            "geometry": {
                "type": "Point",
                "coordinates": [
                    46.588433850557,
                    24.685607139459
                ]
            }
        },
        {
            "type": "Feature",
            "properties": {
                "created_at": "2021-09-27 11:42:34.374166"
            },
            "geometry": {
                "type": "Point",
                "coordinates": [
                    46.6895553,
                    24.9760332
                ]
            }
        },
        {
            "type": "Feature",
            "properties": {
                "created_at": "2021-09-27 12:09:12.799399"
            },
            "geometry": {
                "type": "Point",
                "coordinates": [
                    46.6255212575197,
                    24.6835186820661
                ]
            }
        },
        {
            "type": "Feature",
            "properties": {
                "created_at": "2021-09-27 12:24:20.685123"
            },
            "geometry": {
                "type": "Point",
                "coordinates": [
                    46.662906557322,
                    24.727077980383
                ]
            }
        },
        {
            "type": "Feature",
            "properties": {
                "created_at": "2021-09-27 12:04:47.137503"
            },
            "geometry": {
                "type": "Point",
                "coordinates": [
                    46.7133645,
                    24.8664189
                ]
            }
        },
        {
            "type": "Feature",
            "properties": {
                "created_at": "2021-09-27 12:28:52.823869"
            },
            "geometry": {
                "type": "Point",
                "coordinates": [
                    46.63249,
                    24.7984833
                ]
            }
        },
        {
            "type": "Feature",
            "properties": {
                "created_at": "2021-09-27 12:24:18.246472"
            },
            "geometry": {
                "type": "Point",
                "coordinates": [
                    46.7337349,
                    24.6823371
                ]
            }
        },
        {
            "type": "Feature",
            "properties": {
                "created_at": "2021-09-19 18:45:26.419561"
            },
            "geometry": {
                "type": "Point",
                "coordinates": [
                    39.190470462989,
                    21.614977413141
                ]
            }
        },
        {
            "type": "Feature",
            "properties": {
                "created_at": "2021-09-27 12:04:45.456282"
            },
            "geometry": {
                "type": "Point",
                "coordinates": [
                    46.575593613088,
                    24.766191724516
                ]
            }
        },
        {
            "type": "Feature",
            "properties": {
                "created_at": "2024-03-25 08:52:49.614835"
            },
            "geometry": {
                "type": "Point",
                "coordinates": [
                    46.7160486,
                    24.593061
                ]
            }
        },
        {
            "type": "Feature",
            "properties": {
                "created_at": "2021-09-15 13:51:50.88147"
            },
            "geometry": {
                "type": "Point",
                "coordinates": [
                    46.698626825567,
                    24.544015370332
                ]
            }
        },
        {
            "type": "Feature",
            "properties": {
                "created_at": "2021-09-27 12:09:09.705964"
            },
            "geometry": {
                "type": "Point",
                "coordinates": [
                    46.690299790353,
                    24.824127307481
                ]
            }
        },
        {
            "type": "Feature",
            "properties": {
                "created_at": "2021-09-19 18:46:06.8506"
            },
            "geometry": {
                "type": "Point",
                "coordinates": [
                    46.73966397876741,
                    24.692536413993178
                ]
            }
        },
        {
            "type": "Feature",
            "properties": {
                "created_at": "2021-09-09 05:52:17.468257"
            },
            "geometry": {
                "type": "Point",
                "coordinates": [
                    46.599124908447266,
                    24.58723258972168
                ]
            }
        },
        {
            "type": "Feature",
            "properties": {
                "created_at": "2021-09-27 12:28:51.334478"
            },
            "geometry": {
                "type": "Point",
                "coordinates": [
                    46.625403,
                    24.6842565
                ]
            }
        },
        {
            "type": "Feature",
            "properties": {
                "created_at": "2021-09-27 12:13:31.740226"
            },
            "geometry": {
                "type": "Point",
                "coordinates": [
                    46.645051091909,
                    24.782455443684
                ]
            }
        },
        {
            "type": "Feature",
            "properties": {
                "created_at": "2021-09-28 12:17:19.571033"
            },
            "geometry": {
                "type": "Point",
                "coordinates": [
                    46.738126091659,
                    24.81450700476
                ]
            }
        },
        {
            "type": "Feature",
            "properties": {
                "created_at": "2021-10-04 09:25:06.117061"
            },
            "geometry": {
                "type": "Point",
                "coordinates": [
                    46.69310555,
                    24.82927163
                ]
            }
        },
        {
            "type": "Feature",
            "properties": {
                "created_at": "2021-09-18 04:48:46.87072"
            },
            "geometry": {
                "type": "Point",
                "coordinates": [
                    46.6572333,
                    24.8621541
                ]
            }
        },
        {
            "type": "Feature",
            "properties": {
                "created_at": "2021-09-27 12:24:16.759547"
            },
            "geometry": {
                "type": "Point",
                "coordinates": [
                    46.703950222582,
                    24.740380272785
                ]
            }
        },
        {
            "type": "Feature",
            "properties": {
                "created_at": "2021-09-27 12:00:20.980832"
            },
            "geometry": {
                "type": "Point",
                "coordinates": [
                    46.6510901,
                    24.7566877
                ]
            }
        },
        {
            "type": "Feature",
            "properties": {
                "created_at": "2021-09-27 12:04:44.036496"
            },
            "geometry": {
                "type": "Point",
                "coordinates": [
                    46.704304777086,
                    24.765475430732
                ]
            }
        },
        {
            "type": "Feature",
            "properties": {
                "created_at": "2021-09-15 13:58:53.579926"
            },
            "geometry": {
                "type": "Point",
                "coordinates": [
                    46.606058117678,
                    24.896653222022
                ]
            }
        },
        {
            "type": "Feature",
            "properties": {
                "created_at": "2021-09-15 14:26:13.131579"
            },
            "geometry": {
                "type": "Point",
                "coordinates": [
                    39.25184468,
                    21.46254076
                ]
            }
        },
        {
            "type": "Feature",
            "properties": {
                "created_at": "2021-09-27 12:13:30.313378"
            },
            "geometry": {
                "type": "Point",
                "coordinates": [
                    46.7233823,
                    24.7451831
                ]
            }
        },
        {
            "type": "Feature",
            "properties": {
                "created_at": "2021-09-27 12:24:15.328109"
            },
            "geometry": {
                "type": "Point",
                "coordinates": [
                    46.645051091909,
                    24.782455443684
                ]
            }
        },
        {
            "type": "Feature",
            "properties": {
                "created_at": "2021-09-27 12:09:01.66847"
            },
            "geometry": {
                "type": "Point",
                "coordinates": [
                    46.6510901,
                    24.7566877
                ]
            }
        },
        {
            "type": "Feature",
            "properties": {
                "created_at": "2021-10-10 06:29:37.668245"
            },
            "geometry": {
                "type": "Point",
                "coordinates": [
                    46.624429333591,
                    24.82857802867
                ]
            }
        },
        {
            "type": "Feature",
            "properties": {
                "created_at": "2021-09-27 12:00:18.546457"
            },
            "geometry": {
                "type": "Point",
                "coordinates": [
                    46.759081184864,
                    24.746643801202
                ]
            }
        },
        {
            "type": "Feature",
            "properties": {
                "created_at": "2021-09-27 12:04:41.132384"
            },
            "geometry": {
                "type": "Point",
                "coordinates": [
                    46.6262448,
                    24.761754
                ]
            }
        },
        {
            "type": "Feature",
            "properties": {
                "created_at": "2021-09-27 12:09:03.144416"
            },
            "geometry": {
                "type": "Point",
                "coordinates": [
                    46.6760765,
                    24.7053383
                ]
            }
        },
        {
            "type": "Feature",
            "properties": {
                "created_at": "2021-09-27 12:13:26.045184"
            },
            "geometry": {
                "type": "Point",
                "coordinates": [
                    46.812947317958,
                    24.677516189337
                ]
            }
        },
        {
            "type": "Feature",
            "properties": {
                "created_at": "2021-09-27 12:24:11.53694"
            },
            "geometry": {
                "type": "Point",
                "coordinates": [
                    46.680210158229,
                    24.704035436362
                ]
            }
        }
    ]
}